Labor Requirements,Equipment Usage,Material Quantities,Project Duration (days),Resource Allocation Efficiency,Schedule Optimization,Computation Time (CT),Best Cost (BC),Evaluation Metric (Nfe),Mean Resource Demand,SD of Resource Demand,Risk Level
152,21,752.6665777,291,79.74003969,0,119.1054303,900197.6304,180,78.02824233,10.53045881,0
142,17,1463.863953,348,71.3321905,1,153.1381433,1056578.104,182,90.14440526,15.42926389,2
64,20,1639.016492,341,91.47078013,0,101.5418883,308387.7765,290,98.22557847,12.60062748,0
156,12,1250.667964,278,75.89792628,1,233.6228563,541262.7664,295,90.88358096,15.87690128,2
121,23,1313.545497,318,80.54444186,0,125.2766132,1142575.673,207,93.69485335,12.61328396,1
70,22,1927.217839,181,70.1342868,1,304.7957815,536249.6318,277,90.42426326,19.8495797,0
152,5,1770.751042,191,99.50638369,0,170.6868554,237357.0846,180,66.7284437,13.09728184,1
171,18,1871.354774,274,71.65982964,0,383.0722432,677989.639,204,93.34296439,12.41960636,2
124,23,1720.649432,338,90.82970124,1,361.3754882,220440.0698,159,67.8043528,12.78465291,2
137,19,663.3775128,359,77.09982601,1,186.8322685,323138.5626,279,95.70445312,18.96472857,1
166,22,723.487784,490,68.2486962,1,334.9646364,1198150.632,164,78.34599592,16.36218829,2
149,6,1289.935696,464,91.98875056,1,340.9734714,695498.9022,152,87.07907009,17.30684097,1
153,26,869.1044882,262,73.34427156,0,395.9689342,412464.2279,192,79.88963392,19.1801051,2
180,21,1215.043213,147,94.6077339,0,279.3519961,1194252.45,216,63.75963718,19.11872485,2
199,22,1091.547986,428,96.6102874,0,124.5897204,1163214.81,205,71.6288923,17.38945847,0
102,10,1324.121358,427,94.39295342,1,294.0511687,584812.9452,212,99.34927416,11.97824429,1
51,23,1620.313574,215,61.40031659,0,287.4939245,386443.4197,164,98.42859007,18.43373321,2
137,8,1573.236361,436,91.4949338,0,291.5051732,1022239.602,258,72.81947591,12.03776034,1
87,5,1281.851199,436,76.45357866,1,192.1436944,887182.7887,265,99.85187217,17.42898814,0
179,12,1733.590128,468,94.94891681,1,357.9038755,855635.5785,241,93.82204782,16.85603067,1
70,27,1146.293137,324,85.51817051,0,387.8416549,1082425.115,287,84.43837998,17.5888885,0
107,11,1845.071435,451,93.34572537,1,165.3137539,858358.8473,196,61.60498481,15.32685681,1
71,7,606.9204051,427,79.97727079,0,126.4456474,412177.7373,206,96.05787318,16.38726182,1
138,14,1931.990045,246,81.40102018,0,158.36051,863249.4781,199,82.29717117,19.5332008,0
98,14,1482.039622,162,65.77550529,1,346.1656418,436394.8624,220,94.73904605,11.01088594,2
108,23,1070.111763,393,91.35949435,0,302.9933904,935162.8776,292,93.3771648,13.08847275,2
64,18,795.7311899,422,76.77558447,1,290.8142027,781722.6399,295,93.32024861,16.11357013,2
100,6,1218.774844,424,80.00320473,1,220.5379405,185152.7072,231,87.92695443,19.6405413,1
157,5,791.8374848,112,91.40390856,0,273.3483915,664118.8987,265,71.65660555,10.95574448,1
104,27,749.4974116,288,83.953816,0,192.3622376,477631.0661,254,73.44641031,10.22549222,2
113,27,1426.027636,386,68.0439491,0,243.1600238,461427.696,237,72.3387685,10.55749598,1
180,22,1284.627087,307,83.60930637,1,337.9189085,762481.9326,151,60.80183998,10.52405686,1
100,11,1505.144052,213,76.30531432,0,394.3724792,454557.3069,253,83.30275637,19.07815858,2
184,12,1894.408816,121,78.78102168,1,379.7466771,954583.123,233,87.95334682,17.21257908,0
70,5,1298.39032,448,61.13245098,1,380.1597829,177870.5796,192,94.15463974,16.77106366,1
122,29,1371.39808,313,68.40117398,0,220.6671205,826427.0776,220,65.60661734,15.2257282,1
67,27,634.4395087,270,71.24152326,1,240.6369642,990114.284,243,81.76732596,17.81952617,1
181,7,1576.453679,422,88.51840031,0,311.6906189,840114.8589,191,60.32032563,11.55647993,1
138,28,1099.85781,153,60.45969893,0,376.6575784,646952.1145,282,63.80374591,13.9194119,0
109,27,1965.087858,493,76.35109045,0,142.5982778,1145337.715,288,62.16846977,14.90004251,2
63,12,1734.761023,397,96.96107482,0,191.2725591,429932.3388,214,89.01912136,11.10409498,1
58,26,1283.721561,419,64.47522466,0,141.7740534,121084.6763,183,63.24238256,14.19513709,2
139,29,684.8339813,225,80.65697553,0,283.602559,575188.3086,269,88.65811926,13.16501779,1
102,19,1789.12369,376,91.4608953,0,191.8902991,136313.1295,150,69.98498818,10.35582146,0
179,9,1699.671643,303,97.7012523,1,197.8323558,1149330.428,279,95.10851843,11.36735403,2
133,7,776.8776943,293,89.87106558,0,121.2747878,330909.8503,297,92.52599953,17.64036823,0
141,23,942.9174338,268,88.82262195,1,204.9388185,967819.7263,210,98.3132087,10.1803791,1
160,5,1690.110887,251,93.05952361,1,358.7489522,952029.2915,298,95.35048062,19.34253299,0
57,19,777.8426698,134,77.84804884,1,169.9218436,339501.7897,237,97.33317676,10.86424632,0
84,12,1876.628734,283,92.2337813,0,308.5562399,783349.1835,217,94.34969586,17.99238094,1
130,6,1136.791138,385,60.31857619,1,288.8885035,152886.8653,276,87.73527602,18.98616541,1
99,7,630.5584439,156,96.98244222,1,359.0453825,631932.0443,289,66.81036609,19.41135585,2
153,28,1723.622965,321,77.73226038,0,139.6863843,116111.84,171,70.86830075,18.67477023,1
181,18,1060.264525,402,82.13520751,0,393.2769881,1113258.268,297,68.50907865,12.87550039,2
51,28,1289.748791,262,70.19528996,1,274.7885938,1173694.627,231,84.14343151,13.33087131,0
183,18,668.4565166,118,89.70123331,0,398.6422457,344511.0433,278,80.14479752,14.26545699,0
103,15,503.8760223,469,63.06543226,0,373.4544178,328916.6381,179,94.68319989,11.39296689,2
155,20,1456.977809,363,94.9054321,0,166.4551816,929092.1942,275,98.10691466,10.22272455,1
53,8,1272.762756,381,93.12467316,0,116.848603,378717.3387,246,76.19439558,18.69121614,1
103,24,1390.307854,212,68.64240465,1,176.6917281,1084584.215,173,80.25402213,15.54128716,0
195,9,1690.615776,426,92.37297593,0,258.2690947,731322.0497,163,98.86065427,16.08722942,2
93,26,1469.90887,129,91.45430932,0,151.4789101,485855.3853,185,71.04955766,19.26988475,0
63,25,762.1601642,234,85.28866391,0,150.2379234,1015963.121,173,91.69563101,16.65120178,0
144,18,1041.158779,166,74.94080708,1,238.7780641,642747.3705,244,69.00959609,16.90853504,1
97,27,1858.836657,164,70.85995017,1,109.9803914,1102796.205,204,87.25840462,17.86968648,2
64,20,1654.91705,391,69.27134361,0,136.5664248,1120815.66,173,70.14462511,11.1634845,0
89,22,1334.955587,124,72.74435851,0,224.7584018,281962.1673,175,95.34933555,13.60162153,1
131,11,883.4674967,136,96.14233774,1,118.9389728,102555.7467,229,82.45911775,19.68207928,0
160,14,953.0907528,100,63.10563104,0,219.0265169,1182324.034,214,67.43734563,19.22930078,0
102,11,1597.937101,498,93.15485105,0,242.2018798,1096751.29,224,68.97476703,18.84075296,1
73,5,1776.761391,136,73.955603,1,235.3799842,160989.7593,192,79.75396783,14.5208851,1
173,27,1507.137004,240,80.86397584,0,360.7524572,1016337.69,178,98.46408102,18.57192954,2
90,25,1714.294964,331,91.77942535,0,259.0187365,603585.4258,230,90.78568656,10.48395882,0
64,23,1649.984203,235,95.37506188,1,240.3941387,384857.7655,203,79.53238571,11.48517424,2
94,20,724.5559519,488,73.7912568,1,223.2127736,1066621.176,188,73.50876578,14.13967698,1
114,23,1135.917219,287,78.47373925,0,345.2870135,316333.9556,191,81.97073973,14.83392067,1
138,8,729.4757012,227,76.58064259,1,368.5169812,1142029.999,178,89.93443334,12.63507154,0
120,22,852.8533772,300,60.53004134,0,355.9727408,326183.6365,280,91.35714354,13.56476671,2
58,6,1803.889437,226,71.83771555,0,302.0639734,775051.5065,287,72.98435192,11.62776101,2
137,5,1209.337948,356,78.36756935,0,141.2085238,345394.968,291,88.84637073,14.89134032,0
178,19,1303.037153,263,76.44374436,1,183.0609908,700235.5315,191,86.3115512,17.93843293,0
185,9,767.6689478,134,88.8771691,1,113.8189191,852372.6429,243,98.36449168,16.61360394,2
112,24,968.4076791,293,75.39214469,0,379.2472225,309250.7239,181,97.24361162,11.07792247,1
188,15,845.3692526,290,79.57505796,0,298.2395589,672974.361,175,91.57517302,14.87581603,1
130,14,809.2792468,203,77.18434369,1,323.9088653,615965.7188,264,88.93578755,16.97646383,0
185,6,1456.94119,122,89.62504596,1,193.4715219,178141.1635,278,70.96166359,15.29895297,2
82,7,885.3257715,364,94.51889596,1,353.6960567,1000138.599,205,93.83861024,13.91675597,2
172,27,1448.023229,389,81.27556316,0,177.8809851,469250.6407,271,77.10022815,16.21914421,2
54,27,587.6819212,483,91.57728777,1,100.4931271,732040.4173,255,70.8896217,19.68638665,1
90,16,712.6615903,359,71.87146728,1,212.9244888,666262.6584,279,75.36643032,10.9490791,1
77,24,911.810381,457,81.65478441,0,271.2284443,664586.555,230,93.4374196,13.90016061,2
184,9,1395.570375,174,73.80919815,0,243.6114574,217944.6336,269,65.94532862,14.06605853,2
121,9,1513.761868,454,76.56803702,0,358.6228428,565830.2102,201,78.24634964,15.7696731,0
61,10,1164.07545,171,89.29655459,1,131.6215858,597603.4351,240,79.69430378,11.52174602,0
82,13,1168.686372,358,95.26649929,0,266.1470322,907007.1244,286,61.4651879,11.7664303,2
97,6,1586.775277,497,64.85981564,0,253.8938049,1024020.715,171,67.82984118,12.85361386,2
111,25,523.7316376,287,85.38557026,0,184.4178947,699480.5059,183,93.06969714,19.55870043,1
86,16,1011.635037,272,83.2857523,0,346.6684338,195461.2495,259,93.23069554,17.34108581,2
148,7,1728.060586,389,64.73660157,1,325.8545968,360534.4177,198,71.69660336,16.61693302,0
153,24,1404.829115,144,68.47577322,0,319.8577562,281427.4295,278,94.99588938,18.16957687,1
84,26,1005.840699,160,72.44009979,1,362.8577435,237076.5695,222,90.87131756,11.27576469,0
150,16,1858.287188,182,66.67724283,1,316.8353802,502489.2285,233,76.71629935,18.5933282,0
180,28,1658.934091,222,69.7491793,1,169.5523875,352332.8524,202,89.93625378,15.94832714,1
50,21,897.3431709,457,70.70403195,0,311.6688135,340133.423,249,98.45338525,13.35329007,0
54,14,1467.934756,115,73.42695332,1,192.310844,160162.492,273,78.35878872,18.15855256,2
191,28,1393.626092,165,89.97561811,0,172.6523951,119437.0493,194,69.53708716,18.02564534,0
152,18,1101.781871,244,82.87648815,0,121.9010779,213045.0669,286,97.67266,18.45708582,1
76,27,1050.434119,474,99.44986688,0,323.2085741,289417.2274,254,84.14977154,11.155179,1
186,21,1015.340712,261,76.58943308,1,313.3002886,574082.1017,299,64.2106065,19.69361245,1
64,22,1425.733675,333,90.15460295,0,170.3498433,661572.2874,295,82.90731263,19.59626154,0
139,23,1163.614905,479,94.85873686,0,324.813705,254651.11,255,80.02323558,13.57469646,2
91,21,1747.79467,243,87.15913972,0,375.3522649,567261.6757,192,94.22355576,10.65894018,1
173,18,1504.403924,457,76.47458962,1,132.4086872,475923.7266,283,81.22780759,11.67055669,2
112,13,604.8974086,287,90.14378523,1,169.7909915,301766.0078,197,70.20929737,19.92830825,1
145,12,1460.252336,421,68.14668551,1,325.0782382,107524.823,275,87.02576255,15.63012943,2
101,6,906.7211548,112,73.10208661,0,182.3520021,613719.6532,156,81.7030181,13.56621799,2
145,17,1389.217987,283,81.8674102,1,287.3991923,854216.9242,165,69.32178513,12.88202694,2
181,29,1520.197897,210,83.01637549,0,124.3492673,348905.0676,278,82.94511432,12.56991735,1
192,11,846.2437837,389,60.88565902,0,235.6607437,244987.5129,264,92.86142312,16.64152765,0
78,13,1185.287967,394,97.80456755,1,321.7274266,1075747.019,186,61.14283671,14.19387832,0
85,26,785.4872942,491,87.86509085,0,305.9541829,402527.2497,274,85.23404155,19.65410699,0
62,26,578.5083137,314,79.82815001,1,344.5216302,345973.8818,230,73.98340783,16.83843031,2
120,15,1067.714635,219,97.32508938,0,363.235638,1042806.634,211,71.70685783,17.92044591,1
135,18,1044.416408,481,77.56382261,1,331.9550504,998817.8091,221,75.70351001,12.92741549,2
77,8,1993.220736,154,99.21742281,0,301.4763229,593181.1176,274,73.68090657,10.79186409,1
115,17,1169.528527,126,80.49139029,0,109.5167475,638162.7476,215,93.28956427,14.87822837,2
94,6,1000.354324,217,64.5714308,0,260.490002,339523.5753,179,70.99191243,13.14581547,1
111,27,1370.71251,320,90.5920389,0,111.3093175,186131.8375,169,89.32612092,12.02083165,1
183,9,633.1510912,330,87.155909,0,342.4203451,730775.0079,231,63.76239281,19.52642131,1
77,15,1942.498604,152,90.91946885,1,196.2173573,208179.4137,256,98.0558549,14.43988214,2
77,10,1452.440068,394,98.05768115,0,268.7288122,594202.0017,281,84.89266549,11.74708592,0
157,22,1632.25673,420,91.05957211,1,183.8335922,1134546.918,186,88.26874308,11.98650653,2
93,25,755.7169073,332,84.45346409,1,334.7500433,1148117.828,281,71.92157328,12.80709742,2
133,14,1114.21678,257,94.29235609,1,365.950758,363265.5152,226,76.48386275,19.99316268,1
79,8,1134.03367,368,86.92985757,0,219.5927483,786524.7621,238,68.95113545,12.68011501,1
124,13,1732.709666,120,76.32476227,0,358.8767181,621483.8905,295,97.30144343,13.28801805,0
177,10,501.8550196,152,95.42479057,0,180.1225022,1063253.64,237,79.52417788,16.59328128,0
141,6,951.2796625,374,68.87601843,1,260.3982769,398573.9507,182,85.21792463,12.93961376,1
178,21,1971.854562,412,88.585651,0,357.628429,104072.6475,207,89.37088122,12.15804251,0
170,9,1212.329815,380,95.2625382,0,197.7644028,278817.3265,177,74.84424364,11.58637187,0
76,29,1073.78942,313,89.25266079,1,386.2126795,484475.0813,184,88.80406618,13.12682665,1
170,10,679.743503,130,87.89101676,1,136.5638505,447293.2427,274,87.03969959,11.0591569,2
165,16,1961.246943,436,90.10553176,1,105.4825209,970499.211,287,88.22637335,10.18646586,0
52,27,530.0395339,282,78.60220993,1,371.2406058,848616.7328,214,79.56919601,18.04641697,1
152,25,1605.770338,122,94.96682729,1,120.5945998,429511.9516,191,75.31749529,11.37894942,0
186,14,1652.899707,131,68.13745901,1,397.5667588,603518.1989,234,68.88328753,17.7597685,0
111,26,865.4850741,173,65.09545664,0,385.4190586,205115.0144,286,92.98505411,17.97542479,1
100,25,1507.337665,109,71.4203512,1,141.106273,1087961.089,260,84.33400186,15.37919526,0
108,29,639.3937166,153,81.26309587,0,261.2753877,1128967.307,164,77.77408784,13.09681958,0
167,10,885.5708996,151,80.42247182,0,155.4760892,1177783.889,218,97.75983627,11.45032734,0
145,12,1681.852982,247,92.82395031,0,228.4465519,1055408.114,254,61.9135525,17.36805107,2
162,6,1797.029288,259,76.18274626,1,118.4275388,291356.9765,299,94.00687781,16.01386986,2
111,16,1412.729619,469,79.37377705,0,167.1773763,150816.1315,213,99.90330372,16.55453456,0
101,17,1260.257648,113,60.53470733,1,208.9818389,737556.4002,190,95.47768444,10.0866909,1
61,29,738.9560309,277,76.38956946,1,231.5942501,1103865.53,220,92.41746342,19.27517016,0
88,25,594.6635496,465,85.91096932,0,393.2488775,295086.4978,205,74.97223974,10.66290187,0
179,11,676.4735427,152,60.62033323,1,342.3596937,107747.2061,174,69.25256729,13.66805885,2
180,14,841.0359501,434,71.23527861,0,321.2229833,986045.6506,254,89.39402082,14.0271165,2
162,17,1012.511753,121,68.31825437,0,261.1123944,184475.2527,283,72.18301465,10.01355524,2
150,21,1071.364288,129,61.67941716,1,351.9993282,555076.6351,268,67.04158729,14.97089309,0
162,25,1019.482653,290,79.1704036,0,201.7968507,846776.0709,158,91.46103548,17.52808995,0
130,18,858.5829983,359,67.26893173,0,312.6697338,360477.344,209,72.50174609,18.23268653,1
162,6,1264.58637,304,89.72326159,0,398.1351926,192358.8198,274,96.57766918,18.79396993,0
51,26,1737.929162,158,93.91711535,1,194.3886727,947023.3513,198,93.62530579,14.87718868,0
179,15,919.5553077,363,81.82340731,0,302.2052605,793192.5934,200,93.90561318,16.30636191,2
103,5,1913.580529,111,99.2682937,1,353.2944592,1187339.533,219,90.86278904,10.79519713,2
136,23,1810.004993,218,78.01914286,1,374.742275,478738.8367,186,95.23525695,14.88038224,2
178,25,742.646317,389,80.53472841,0,315.3798073,167938.6249,180,92.22987569,11.54815755,2
196,8,1679.413935,437,99.56871016,0,185.082377,907785.0389,211,84.10045454,13.69643118,2
175,23,1361.881073,347,69.26193744,1,197.8846455,673906.7607,242,71.83290874,13.29305313,1
179,25,1349.863043,453,97.70183759,1,106.2274096,334524.3245,163,95.52836773,14.23540577,1
102,15,1086.564145,226,61.7135022,0,328.2657933,959901.8879,228,93.62414491,15.71636618,1
117,12,1251.729499,174,77.85547561,0,112.8218818,324131.0344,157,78.91517289,19.02876647,2
172,15,1095.768166,460,62.80014049,1,359.3957064,386727.8203,185,61.56314744,13.94484631,2
194,8,1309.598928,303,89.16938972,1,135.5981843,201781.4098,197,85.5417491,19.81131196,2
87,21,1441.925079,148,84.33635744,1,151.5629536,539375.5069,234,62.02387415,17.59028048,1
73,11,1511.45571,178,88.26537054,1,242.9579412,560822.1463,177,97.05119847,15.11481047,2
118,12,1298.721789,340,74.979216,1,321.3641246,666017.9694,200,98.46525027,16.44026437,1
165,7,1582.133101,448,74.77927736,0,141.7006616,879860.6938,253,67.57960584,11.02224171,2
147,26,711.9170739,253,61.81277116,1,232.0213225,1096711.022,250,87.05557512,18.44521531,0
188,6,817.9737364,373,73.99779758,1,244.8553823,251507.5088,178,63.69076018,15.82357455,1
193,27,1728.102506,195,97.17153609,0,163.6856925,159782.9082,276,89.18067714,19.8606748,0
146,19,983.7919668,313,75.16906149,0,134.667513,120384.357,231,73.89150665,16.36428744,1
173,28,534.3407375,393,93.25470825,1,350.9262769,257983.5159,159,87.24200447,18.34111583,2
119,26,730.6867245,308,93.69302019,1,250.7396949,823744.4344,255,74.91506037,17.99762743,2
142,26,835.4216517,442,74.92964626,0,104.3143708,900224.7858,150,65.82270039,13.45461151,0
52,9,1935.984332,187,85.27954722,1,340.8943904,965156.2849,188,76.24439922,12.59610625,2
197,28,1359.562143,405,63.81486409,1,394.2381416,368079.0331,170,64.50694107,14.30493583,1
196,5,1899.096111,363,64.14714323,0,281.7778586,436484.2946,214,83.075331,14.67241344,2
139,8,1362.745026,489,61.94630655,1,251.1125161,631448.1101,164,61.63806129,12.40084702,2
196,19,1219.03166,424,83.24060374,0,363.5247589,169501.4065,281,81.09278718,18.94597873,1
197,24,970.5915368,476,77.04283911,0,385.7550369,772255.6755,210,95.45474588,15.42547862,0
145,23,1409.556417,419,81.92129427,0,326.3610748,1182108.537,297,93.5149308,19.78444392,0
101,7,708.7970369,256,80.84292762,0,233.6358789,496886.9425,287,95.31126799,18.10017778,2
177,24,1847.392441,255,74.00811964,1,277.6664198,928132.2226,236,96.88195209,15.5570486,1
88,15,1743.998608,238,87.09893659,0,310.2806095,650037.3071,254,64.18111552,19.47040278,0
131,21,976.2971718,220,90.34007524,1,158.2820713,240593.0288,183,65.14988812,15.04874815,0
153,17,1929.196291,164,60.58513036,1,234.1603097,740461.1937,273,82.28027225,18.87106513,2
178,15,1737.801151,206,68.28969199,1,348.9463794,429861.6953,259,95.75890674,13.58144781,1
60,6,1499.460329,246,88.52943472,1,296.4176045,137843.5293,182,98.97397826,13.78642383,0
91,13,682.6428667,236,75.46480691,1,223.3612202,798422.7031,247,61.85047669,14.18130683,2
148,6,1217.351035,261,86.49935788,0,299.0087602,1044825.584,210,74.23096337,15.46625646,2
56,25,1259.161332,199,73.87850639,0,135.4667236,479246.7436,159,68.51577019,15.5349027,2
193,13,848.8270375,437,75.63020609,0,220.4492832,529325.1019,233,90.23863396,14.96398922,2
139,13,619.9480915,498,66.34715495,0,337.9385614,1080123.851,214,85.60775474,13.06000974,0
161,12,1665.085446,406,70.32924079,1,166.1526361,994969.6947,226,64.79552126,19.27206465,1
109,21,683.0525782,240,84.2164703,0,155.7884523,886448.1059,150,79.34088269,15.88586097,2
162,5,1391.436126,182,77.32652445,1,385.245598,373676.7701,282,87.41762089,14.07739216,2
51,29,1904.673761,276,90.97210732,1,162.9692889,1101238.32,229,91.16021576,16.51176961,0
178,15,1814.157789,297,94.1033982,0,178.2755739,269857.3333,164,60.80210839,17.67966758,2
97,12,916.6289356,211,81.66585673,0,390.8847817,789447.5714,177,95.61878296,19.60728088,2
189,14,1777.172956,155,90.33069168,0,320.4125711,131681.2986,172,82.77125532,14.99549162,1
86,29,500.4987592,278,72.27618053,0,309.8789599,808091.787,258,92.4763646,11.1209851,2
58,11,526.5317144,285,76.59884862,1,355.8779152,404858.7871,256,92.3175212,14.40765801,0
148,7,1403.829746,317,88.51110705,1,134.7469247,594644.6749,294,67.59410641,14.78970561,1
196,7,1047.197329,415,75.44847971,0,311.786871,479791.0073,262,64.40688481,18.96994078,0
97,22,1079.691262,316,83.54019741,1,251.1065828,290032.4319,247,88.85149076,13.94800768,1
180,9,1346.661636,219,67.41491116,1,348.7451921,784178.8691,290,66.25707675,19.53324265,1
197,16,787.6736834,493,83.9908526,1,252.4425156,1070173.111,291,93.99749966,14.85131908,2
103,16,817.633026,274,94.46054829,0,286.0724063,1154992.667,288,89.04757935,19.73780501,2
169,23,1226.902381,122,94.74558559,1,243.3226379,311580.9995,177,93.67301457,10.08198321,2
165,10,1631.380317,312,88.97377625,0,243.4476771,889110.0515,191,71.96050718,18.98815375,0
124,6,1429.246627,334,89.83013516,0,330.3909934,830773.3033,248,72.66392242,19.31120452,2
162,16,946.0325724,112,82.31709781,1,288.5699202,477715.5685,210,86.84886225,19.61020936,2
153,23,1145.505766,200,83.38672361,1,289.9789605,121009.1193,272,61.2578382,10.13076534,1
133,9,755.9971378,123,65.34602326,0,235.0847451,858770.372,213,89.05986985,11.71700837,2
161,16,611.9447215,463,77.75436754,1,259.3328489,1140044.347,180,93.43132283,16.53764503,2
148,21,1674.044061,110,78.03105136,1,323.7152999,795332.1341,230,76.60654346,10.25472692,2
142,21,898.0811138,372,98.33991343,0,347.7822757,578821.9966,159,90.5951532,10.63608996,2
195,14,766.6495818,380,77.2434745,0,308.9684206,677669.2835,157,66.98443668,12.21078874,1
177,29,1537.427083,193,81.9737058,0,377.2218967,319591.6884,298,72.89041575,15.12439769,2
159,27,1427.077511,300,81.33005597,0,346.0972264,925598.5801,208,98.97219852,15.45902559,1
131,21,1449.784439,120,85.47046868,1,268.5591369,921061.813,179,99.45312694,10.34261123,0
103,19,843.3419073,439,89.92931325,1,301.4218218,260069.0304,294,80.50420212,11.70367251,2
117,16,848.9683078,310,69.00167505,0,377.8924831,1065776.221,169,97.37079166,14.99705673,2
82,20,831.2039447,239,81.14897676,0,285.7504133,396108.7134,197,80.90922712,15.93940621,2
191,28,760.6288935,392,93.03670829,0,347.4420844,1180481.667,279,71.66352513,11.48401696,1
70,23,1483.585509,397,78.52458855,1,306.6431511,521193.3154,186,70.67597152,13.98841412,2
97,12,1772.023828,200,71.13830185,0,265.5809083,295672.4646,278,97.18022821,19.04401437,2
197,25,1586.476205,403,86.18836301,1,172.5514586,486892.1225,281,66.89785556,19.98899287,0
177,21,1688.140451,458,92.95069583,0,227.7992558,584198.3616,249,83.18529833,19.87214455,1
185,27,1107.197644,127,62.52561172,0,390.3228475,176238.5503,203,82.22100272,18.8167451,1
184,9,1481.113693,140,91.07161934,0,297.329615,736040.2193,271,89.58486739,13.94660088,0
194,26,1031.354361,454,92.86591732,1,269.3186141,757395.6839,174,79.9697163,16.86574292,1
177,20,1288.256933,402,78.4609171,1,379.8869877,912823.5009,280,70.89142643,14.16592228,2
82,10,1222.45227,245,99.33222627,1,275.9535343,132086.8815,158,66.77585999,16.48527027,2
164,12,765.3307177,355,91.46833363,0,257.8247555,695362.0359,183,84.83275214,13.09432471,0
168,29,1080.618141,326,90.9465026,1,327.7932565,158198.1766,192,88.75963027,16.06202254,1
71,22,1945.733413,335,89.91354298,1,313.7996857,871258.642,223,82.78085115,15.23758497,1
87,29,872.8703866,460,66.02432413,0,157.9480025,161300.7843,243,89.53405108,10.24480266,1
158,16,700.7056044,479,68.68923546,0,241.3924824,1102900.633,171,65.6608481,17.90702904,0
100,19,1127.870932,112,78.55960526,1,241.7546328,872290.8236,219,95.2988078,10.11897832,2
57,13,1685.506604,309,70.560174,1,213.4673546,658128.7416,279,83.29582034,12.93155942,0
76,17,1373.222345,328,76.60963889,1,255.1880446,585654.3156,243,65.07375708,10.05924065,2
76,19,1521.462241,496,95.5385644,1,223.9322193,243739.8935,181,78.47700817,13.76201413,0
70,14,784.5422723,199,92.97307568,0,159.8036468,420099.3285,255,93.79166951,10.63160528,2
79,20,1428.42229,130,85.20159514,0,223.7099462,1055855.016,293,95.90248774,19.13510967,1
146,11,985.2505924,485,94.32481577,0,121.6830843,1094898.093,150,70.5859802,14.15679295,1
77,21,1751.455049,115,91.35089556,1,272.7357588,100822.4792,221,88.45063299,14.59495775,1
160,27,1443.948209,236,77.15939727,1,356.0963647,753550.0306,199,63.9994099,13.49850236,0
110,25,798.2844167,428,68.04260608,0,317.5861253,891230.6699,290,61.34183486,16.27506154,0
97,26,596.9250198,265,80.5680416,0,208.118212,780621.6807,164,82.41595815,17.84408117,0
196,11,563.9498139,409,89.4491553,1,126.1213617,189847.7414,202,87.79310317,16.48146743,1
53,18,1057.112851,199,77.45678395,1,160.6448198,339497.3887,157,91.83146925,17.48207118,2
84,19,898.776705,208,86.67087639,0,263.6471021,375374.2941,223,73.60864954,19.05973664,1
98,25,1469.135185,442,63.77309705,0,162.117125,1014897.094,195,60.26101642,18.63546532,1
66,11,1249.000752,272,89.92018945,0,263.1919334,609519.3799,218,79.18076948,16.74058453,2
95,13,899.028917,336,92.5085448,1,169.4797074,635511.0331,263,60.63414181,12.14637963,2
166,23,723.8566669,261,88.27351423,1,354.6771608,1128382.351,296,63.67938043,16.37702851,2
55,20,690.799644,492,98.6905435,1,219.1814419,800794.4777,272,73.0675609,15.06083096,2
148,12,1796.990588,315,93.0660823,1,173.6651878,1088534.472,288,77.48688198,17.17219231,1
173,22,865.2169526,363,96.12374912,1,343.6978541,602159.7409,266,71.17877765,18.32931648,0
86,27,1477.565972,362,97.34284334,1,202.8516894,264379.8844,192,83.27461066,17.42721497,1
73,22,1716.028892,391,92.05391967,0,133.4463064,1122929.153,169,62.21399157,18.4656117,2
142,24,1421.121967,373,86.97035368,0,271.1228474,604575.6272,297,65.78318841,10.63866373,0
95,11,1789.347847,102,60.22874325,1,274.4692613,299794.5641,170,87.81033603,10.31620038,0
144,7,1088.590582,127,78.63303013,0,314.4087026,432635.3143,231,65.68563414,12.58500568,1
148,22,1934.333286,425,82.84649194,1,172.06583,155882.8487,206,85.59100806,19.00666084,1
165,14,699.7175063,248,72.1612109,0,233.1314017,615130.6506,223,62.18738483,18.23659251,1
116,11,653.2242945,127,72.72417788,1,184.7103757,1038440.989,247,76.29529116,16.82727298,0
177,21,1488.038219,409,98.44637663,0,124.2861208,1126938.502,259,67.0963788,17.00758667,0
67,18,1914.246712,164,95.66843461,0,362.9841481,1125862.428,264,64.3854513,17.26670469,0
74,28,1713.325192,455,93.96716022,1,318.6609413,237753.0282,191,82.68131134,19.426027,2
103,7,614.6252892,120,76.24047207,1,190.4389178,520259.2708,217,97.13343088,18.32191152,2
107,16,919.0515709,351,60.54794202,0,279.8118979,131051.6356,219,62.19148192,16.23390387,1
116,17,1895.478327,334,63.20888986,0,160.3791364,1040681.879,227,76.86216993,16.65715435,0
153,6,879.5876492,326,72.48785473,1,367.0709865,494631.3382,239,88.30141751,12.13740262,1
73,7,1671.755636,112,60.62971652,0,134.471903,794228.7307,260,78.50751327,16.57318825,0
163,9,1737.698294,412,60.68599128,1,101.1511437,886388.2819,261,92.25983784,14.24679012,1
81,15,1243.178155,148,96.66413207,1,250.6024593,572829.1367,252,67.18581263,11.52961871,2
135,12,1079.523365,217,88.24634008,0,274.938347,437086.5702,294,98.3837682,18.06402819,0
176,27,1175.186649,153,72.3582396,1,273.6895961,1158434.201,168,75.40650511,15.102471,2
179,27,840.4470415,237,65.3057831,0,116.3535782,1160937.048,219,73.66278532,19.77425042,0
66,16,1834.086374,152,80.46542872,0,194.2131421,418380.0048,212,94.98423178,12.81679354,1
153,11,1175.929485,143,60.21384643,1,249.7596841,627587.6064,224,82.55468128,14.80670112,0
186,19,1823.689161,402,97.53654975,0,164.9737557,1170128.575,253,80.65777368,14.47995455,2
92,28,658.5402199,152,76.59260478,1,361.7877656,105355.2484,224,89.07911678,11.20779522,0
88,21,1982.412907,173,76.09339821,1,126.1327868,553946.0732,277,83.19336953,14.26115279,1
75,8,1164.909631,145,75.6237443,1,246.2153325,210503.3046,205,66.50062579,12.87553456,0
148,26,571.7462306,112,62.77313322,0,307.4248173,660073.7621,171,86.96790491,11.60320471,2
99,29,557.0327724,264,85.53288959,1,178.52533,127136.95,238,65.33875517,12.82155584,1
62,17,1619.310886,201,89.32014479,0,287.2722211,547588.2745,168,92.23430821,12.33251691,2
109,22,1488.553301,379,87.0450159,1,348.815545,342768.9823,175,99.58946391,17.34073531,0
184,5,1703.195837,357,65.53741973,1,157.1010925,686639.1987,172,75.095505,10.30775178,2
106,20,658.0513009,436,83.15360672,1,375.1661775,1195593.014,196,77.79023593,16.17462748,0
85,17,553.3563006,455,82.77937937,0,266.0675598,980589.7156,162,61.85734622,17.60661342,1
69,14,1262.868934,497,94.73643152,0,189.7696013,1030206.301,215,60.54932752,14.80723456,2
114,16,1081.392847,237,75.16510634,1,229.2574826,798791.4861,293,96.8567734,19.3156498,2
57,6,1192.920405,262,74.85943775,1,193.6575651,145715.8331,222,65.14496242,17.07880695,0
193,27,1987.382613,486,84.74108235,0,317.533348,327477.4436,226,77.8311499,17.47923651,2
191,7,1956.124937,210,85.32290614,0,338.890199,1117571.012,180,92.61418495,11.96933487,2
164,14,1913.473085,201,78.77140909,0,349.8812177,502724.4297,234,95.5727504,17.77295576,1
192,6,1675.764015,116,77.72237449,1,395.7304749,214000.3991,208,80.77590741,18.32094736,0
141,27,1032.26204,367,79.76590683,0,337.3852877,872645.9025,190,82.601301,13.61266388,0
147,17,1118.196395,281,94.44181198,1,280.4152212,429403.4963,261,86.7873589,12.13363068,1
115,17,1324.424066,471,78.44667605,0,201.7660895,395742.6042,245,98.45529881,13.85050679,1
81,22,1745.801685,123,97.59727168,1,263.3786346,1197775.201,271,84.10679844,17.39607969,0
135,7,603.0692488,128,80.16015054,1,112.3204518,1043952.818,254,82.37901038,14.17639006,1
100,11,1136.445329,270,97.96802773,1,323.4475227,548731.6002,223,60.58136541,17.36651875,1
112,18,623.9264952,327,93.31327607,0,233.7866635,1178287.329,281,63.23798808,11.13564541,1
174,24,1271.98638,477,74.4972529,0,106.0069689,815124.5458,248,83.08686506,18.0601171,0
199,21,1848.351236,287,94.54565685,0,118.7520825,916224.6971,275,97.44961551,12.53207482,1
107,25,1673.727387,445,64.40253137,1,216.2399391,134664.3474,287,94.66765394,12.48928988,2
107,16,841.7636263,329,97.00188701,1,275.0264557,233765.7853,224,99.30315692,15.90380965,2
135,29,1963.986274,420,85.2657406,0,239.2611847,796393.6391,163,81.1133615,10.70118046,0
98,20,1501.025597,439,62.17562994,1,285.7612952,1088926.381,187,91.51723754,10.26297727,1
119,28,515.6415491,218,85.77026895,1,244.0882776,786118.0987,289,93.61601326,12.61028665,2
64,16,883.120227,255,98.96990617,1,298.5111536,247427.3838,194,85.92126629,15.38067551,0
103,19,891.0699499,371,62.79202618,0,165.7378194,227336.0509,294,73.54999617,19.07616386,2
150,29,603.8814594,274,82.18750839,1,133.8529562,1028604.485,224,78.79913739,18.46435176,1
57,14,1939.739777,203,89.91177399,0,278.9301864,253232.5726,178,94.31668289,14.9044646,0
102,29,1217.382942,191,92.41034347,0,245.4068551,672255.1566,167,71.94191704,10.37051994,2
109,11,1843.721896,285,76.55309861,0,108.0602962,140824.652,169,96.94972525,15.35252735,0
157,24,983.3232552,382,68.16666237,0,214.1445656,188736.7441,163,69.19225366,17.047956,2
54,9,687.8503556,280,61.69369115,0,131.8376756,839583.0944,203,89.98065661,13.39164533,2
152,5,1211.504165,269,83.18904628,1,259.4070495,858099.5515,180,85.22236937,11.11063303,1
55,21,670.9349521,286,78.11644281,0,218.7333039,475616.3473,207,89.98397764,12.78567953,1
158,7,1229.023254,274,97.94977581,0,283.9455733,337170.7418,253,77.4939029,17.71588864,2
165,17,1880.445772,321,62.42419631,0,341.6806656,995081.2978,277,97.3056425,13.51243832,0
143,18,1281.152213,332,87.41581374,1,189.9006052,338813.5524,174,85.2988881,18.11981491,0
96,28,1424.74959,261,60.99864888,1,388.6306312,696229.7766,168,71.53183218,13.19521452,1
148,22,734.9576555,233,66.85736707,1,260.6903502,1165029.725,285,85.53820283,11.63555038,2
104,8,565.6034388,490,78.14316,1,285.4872396,262637.6816,152,71.47262989,14.3584836,1
101,22,666.2119433,323,78.19489771,0,304.201712,1134963.894,235,71.74529567,14.52274512,2
193,9,1397.797364,252,87.42802172,0,300.019459,301182.3584,294,75.98394046,10.16108219,2
62,29,642.5175485,132,96.40852139,1,253.2912229,724187.5288,291,94.0972167,11.17045073,1
163,20,1063.989335,154,85.56128636,1,228.6292873,514708.4832,158,80.01191498,11.84926019,0
173,5,1325.137911,106,98.14140391,1,116.1345893,1161421.462,243,87.15603369,11.13587317,1
155,25,1082.979198,343,95.2646256,1,106.6257536,400896.2319,298,75.67870961,13.41526075,2
196,18,745.5257022,412,83.37999182,0,207.3883584,539623.8023,288,70.54421759,19.64622856,1
194,19,910.6869613,225,93.35167804,1,200.0982672,1181146.13,169,98.18560643,15.09222538,0
169,13,1892.476299,111,85.70310441,1,216.3085465,690117.4303,184,84.14324988,16.27556024,0
112,19,1513.973413,115,63.14231324,1,141.5104603,652893.1272,202,97.35805354,13.56386479,2
68,21,1244.071758,307,89.62258893,1,321.4504812,383556.337,259,68.13652009,13.23487762,1
141,29,519.072335,142,63.79633765,1,357.0893244,871499.9163,285,65.87576656,10.23146772,0
107,28,1988.623101,472,83.76331122,1,381.6143906,115810.247,153,94.23291628,15.00333656,1
139,8,1507.182402,234,88.10560823,1,247.7086911,154463.8927,251,87.2366885,14.83609007,0
166,16,975.383716,327,62.66110433,0,310.2597097,759294.4458,196,67.46313997,11.57830726,2
111,9,1818.90299,210,69.23178616,0,356.665337,475842.0312,243,70.77438803,17.64324,2
72,9,887.6474304,406,96.62688929,0,225.4873333,1148648.009,197,92.02655766,14.9267433,1
176,15,1316.024869,259,84.65257969,0,192.8238385,1093509.76,240,78.1547448,13.3899397,2
186,10,1454.106146,430,69.85144075,0,381.0173668,885076.8845,233,86.82162026,11.46908909,0
189,11,831.5950572,363,87.62719085,0,254.7029653,999960.1392,217,72.73408089,15.52160827,2
178,28,1967.595918,324,83.8710568,1,249.176166,834065.0346,288,75.24919811,17.52817026,0
107,18,1622.287859,316,80.063028,1,153.524829,238140.313,274,99.62850234,12.81999353,0
171,28,1336.719838,144,99.047479,0,132.4465044,942097.7067,222,69.90468349,12.18794352,2
50,15,770.8918973,313,87.3381511,1,352.6320587,331211.1656,153,80.25825508,15.21934964,0
83,17,580.7873105,158,75.01764439,0,284.2399529,455787.1406,225,93.77609373,11.55343303,0
145,6,980.0897488,231,92.00293728,1,197.7473752,1001157.633,222,69.56892855,16.66613387,1
175,29,1629.781004,203,95.38333172,1,157.5208652,690178.1692,226,76.60855027,16.05343628,1
167,11,903.9969475,294,65.00882238,1,266.6491841,1045934.786,197,84.60365149,10.8708205,1
97,24,1309.334331,256,68.02211911,1,275.1757868,334338.8518,251,79.24752606,10.36520379,2
138,8,1591.920765,197,68.64908037,1,162.0980804,768556.2825,255,78.38009066,16.20288653,1
166,12,661.915572,325,87.64847238,1,355.4217244,192170.0698,226,74.50038925,12.94293774,0
178,24,1527.947024,304,84.1215822,0,125.2793098,807367.0929,188,83.46585311,10.86445753,2
65,26,637.8063316,178,84.75966259,0,206.8279255,938787.4416,207,84.97490792,17.59428705,2
118,25,1947.694613,223,97.63093199,1,304.1153241,743423.9834,168,86.13158164,13.14044003,2
71,23,1232.591195,317,91.03646131,0,182.2361091,392854.6516,237,62.81472432,14.5959955,2
142,17,726.0141616,103,65.11747698,1,348.3025584,134476.9357,262,85.24136703,12.36812927,0
125,18,1013.575454,189,73.9002833,0,321.960348,231393.7724,226,98.12948715,16.27317078,0
193,14,1120.124674,203,77.41574585,1,336.7068534,784533.277,226,81.63944942,13.01488415,1
135,15,1637.277517,492,75.83846355,0,135.7319608,1127862.239,177,88.6106833,19.68020961,2
78,6,1615.135679,218,86.77234437,1,142.1641384,327187.8444,215,82.26929231,17.02947549,1
118,29,1417.910758,232,95.67572413,0,185.9421213,908528.764,159,94.18962474,11.36722276,0
96,13,658.8960688,411,72.24205854,1,255.4231496,1053096.17,275,97.18332378,14.1669484,2
143,21,727.3540574,195,82.07508546,0,324.404823,672970.3963,207,67.36879597,13.854211,0
193,7,640.635381,430,91.57637688,1,350.9592672,836192.3754,291,77.47440146,15.34247111,1
134,28,1365.759175,242,76.64872235,1,311.3005948,996516.8483,274,75.69528404,18.41930674,0
88,10,1815.707662,387,66.72472514,1,378.5790645,386742.6735,261,76.20860493,15.83422015,2
149,9,1150.700768,127,78.99803861,0,321.6230529,426585.2417,233,65.02096725,10.61556678,2
82,9,741.2722609,377,62.20890083,0,191.8803661,100690.2683,292,92.54462904,16.55415697,1
150,26,1337.063488,332,97.69533816,0,179.5243853,1159403.544,245,61.43064972,10.08265298,2
72,19,1717.628325,116,62.99284821,1,308.8577351,1109299.384,182,81.12906431,17.79960461,0
59,27,1612.568092,158,77.53826861,0,157.8611706,941025.0901,294,86.47513552,16.66636072,0
118,21,1822.17617,189,81.19525044,1,127.8144432,186983.6231,290,68.29877752,13.08785658,0
149,13,916.8531459,298,99.41215329,0,259.6668625,592253.1787,196,96.23400768,12.92441805,0
83,7,790.9308009,461,66.64087295,0,346.4924709,212080.9294,261,93.54196828,17.98272997,1
187,24,1819.724729,125,64.57726074,0,130.4139527,117512.294,293,78.84334918,17.83336692,0
196,21,1486.340469,124,60.34824588,0,337.5673971,777801.2617,192,76.44595729,13.52302354,1
145,14,966.393395,493,66.22285747,1,343.4716013,1156912.359,157,69.46271701,12.98947728,0
50,7,1613.522076,400,68.29091916,0,244.6822,1093154.826,152,89.19972899,15.59824789,1
118,22,1722.677577,438,85.22323766,0,117.193093,866430.2964,274,65.26975199,10.0836566,0
53,22,1422.467361,366,68.78827162,1,152.3769554,206304.6426,161,87.20951015,10.82667038,0
65,21,1531.826165,280,60.82083259,1,312.2278825,401580.4414,233,93.69827944,11.2616959,1
73,28,1062.889857,459,93.06473382,0,313.5333835,452062.3996,165,69.13886304,11.85411818,2
129,7,1308.043501,167,74.62382804,0,369.5065826,939465.0635,227,94.65709612,15.12018127,2
51,7,1286.238756,450,74.14786746,1,274.805844,982474.0972,208,61.33292798,19.92241915,2
177,10,1772.071687,420,72.09916117,1,137.2322103,523616.7353,212,96.51149542,16.52613402,1
133,17,1759.94597,148,99.01493109,1,136.4244717,559672.3963,198,64.73448911,10.61298794,2
189,28,1749.020704,274,66.80461669,0,316.3397072,148959.9432,200,85.83036712,15.25579374,2
173,19,516.5474214,151,95.92952256,0,155.1353995,418050.3903,182,70.00329876,14.96645212,1
82,29,1624.318227,201,91.07213329,0,198.5156499,596413.6949,179,93.46209565,11.44167816,2
150,13,1638.014585,315,63.05919822,1,246.1636021,228681.351,225,80.49201444,19.20272369,2
61,8,1517.568234,287,99.46916406,1,107.4294633,598594.2068,164,65.40964765,14.40765248,2
116,18,1634.396987,156,70.85463854,1,174.6457081,1038493.393,231,82.83966285,19.94559141,1
114,9,1762.955557,146,63.94331708,0,222.3668826,739453.1217,241,76.31530441,14.20072295,1
123,6,1205.478581,258,93.17256937,1,183.8908955,186822.8405,172,86.45791266,16.07957703,2
92,15,1253.07532,273,88.26702135,0,140.9110982,310838.4507,243,95.27613139,11.04762536,2
93,13,687.0710854,341,84.68875224,1,318.4036773,621998.7852,194,76.37556525,14.54227824,1
78,28,1078.063825,381,66.23923455,0,343.9442966,497635.8648,211,71.59522718,12.38765894,2
190,7,1465.04777,340,79.13984465,0,177.2436928,494599.7215,164,60.58060378,18.35564799,1
61,13,1670.599664,469,91.22224108,1,332.3258484,682194.193,195,82.99356151,17.83919585,2
144,7,825.8136465,104,72.14495753,0,215.6660693,742835.5137,213,76.0909907,18.2418,1
95,29,706.7343487,183,72.46759314,1,252.0057373,976547.7273,224,74.98596876,17.23609438,0
179,6,1494.563007,407,60.12563624,0,356.8003225,475063.2198,201,67.31741285,18.32683224,0
84,16,502.8198253,460,66.96973607,1,324.9861045,986012.9113,237,77.20221381,12.0082875,1
130,14,767.5588765,347,95.016225,1,341.5350554,472472.352,206,99.37767814,14.52043777,0
139,13,543.6070705,153,77.66985967,0,141.05355,160976.2878,232,71.91016615,16.9184688,2
57,19,750.3276768,260,99.36937997,1,120.9158278,709606.4161,215,83.98817654,16.37392498,1
142,12,771.9789199,325,75.82831854,0,368.0214187,746692.5574,299,91.05947525,17.16354483,1
139,29,1081.510392,114,88.60745819,1,216.3502809,1127994.27,169,89.96631293,12.24258383,2
164,9,1103.490687,323,71.27676172,1,186.3639034,898667.4587,182,73.1509715,10.98434709,2
154,15,1811.393706,160,74.55238565,1,317.4088763,1109549.918,221,84.43440334,19.16806578,1
184,6,1265.164569,221,67.6290395,1,350.924679,1099181.931,174,94.85058741,15.60171896,2
107,28,1585.107148,376,73.88249474,0,358.7468866,765031.5213,195,60.61789711,11.53825925,1
163,19,656.2060369,145,81.88950082,1,194.7991423,680538.2719,222,77.42937427,17.93436582,2
124,10,838.1581332,489,99.67091524,1,355.6637174,713185.0639,247,68.97093673,19.14929937,1
169,12,1554.415161,393,86.56806852,0,112.2801833,1176163.888,206,75.54529162,11.69563519,2
70,9,579.2059407,161,67.96983818,0,114.8984474,950484.4609,236,76.63958432,18.17412455,2
187,20,1229.896493,185,61.79845766,0,287.0557586,216892.4953,282,89.86683859,19.33225061,0
150,22,1399.053448,309,65.05425925,0,118.9319107,956271.2475,204,63.7528749,19.383616,0
148,10,1403.218466,177,82.50220805,0,197.3827506,287591.8538,210,80.50335613,19.14156462,0
85,9,534.3992169,301,90.60641315,0,301.8267959,592085.6039,238,82.56779167,15.46421012,2
145,20,983.1620063,401,97.61676829,1,201.1800688,331505.6394,157,79.76630414,13.56211317,1
86,17,1454.735977,496,60.63292688,0,153.8799344,858541.3721,165,89.27493012,10.07272808,2
61,9,723.4996042,322,80.91040566,1,184.4051866,1065040.71,265,75.35165024,10.60912227,0
162,17,1543.123472,321,78.83469425,0,237.2725997,419398.0739,210,97.79868255,14.28839015,2
62,21,1618.887813,102,86.24220088,1,242.6157566,190211.8153,164,79.2721377,13.99326146,0
72,22,1972.953786,105,82.38315418,1,334.9000694,428342.4079,299,82.84855638,11.8471391,0
148,12,814.7629923,192,87.48156602,1,325.0459688,839598.0437,280,93.02123293,13.95480028,1
154,17,1737.696001,107,86.32330339,0,237.0453414,461636.1403,251,71.00944424,11.74650065,1
79,23,1280.444865,334,64.68046899,0,353.7002047,405923.3843,203,63.00808115,18.48791253,0
66,7,1060.193894,207,91.98871654,0,134.2711416,302878.7096,163,88.31135913,12.98194878,0
162,28,683.565136,260,64.92930303,0,176.6060051,647268.0696,185,79.32047422,15.9856435,2
111,12,1603.25841,308,87.94122501,1,348.3929391,403543.711,254,95.86017004,15.02843062,0
133,6,853.7863987,339,76.64581471,0,213.3982116,904111.3841,231,99.30720195,10.51882078,2
161,12,1057.133003,430,80.55402938,1,394.3544676,184284.6422,216,75.96437402,19.42233719,0
135,17,593.8133403,432,96.13192058,1,239.8759845,830436.3364,159,76.61756065,15.27225978,1
190,17,1702.050374,149,95.59534906,0,337.5806869,361316.016,198,76.31850409,13.25057643,1
68,5,1649.882786,110,92.71425223,0,220.6921124,638207.1872,260,72.98216439,11.5812657,0
149,10,1600.423745,450,80.40593522,0,227.4860557,414698.9142,214,91.26748391,13.38526635,2
189,28,949.1652657,255,89.44959241,1,214.8649442,895045.5436,206,90.3598305,10.20511603,2
196,23,760.2201114,169,80.51588222,0,315.7226862,1139837.744,176,79.14579482,13.63558155,2
125,20,1456.329897,268,94.7842433,1,264.2553652,1108784.457,262,61.78644866,15.31485927,0
58,12,1244.249576,371,76.11103333,0,383.1334334,741768.8367,282,72.38237206,18.71866246,0
77,5,767.3787004,167,98.80941378,1,175.267095,608871.3336,220,71.69212186,16.87374418,1
177,20,1528.866907,454,97.29291033,0,130.1688196,1000130.56,232,92.44348985,11.11582313,1
101,13,1986.689648,351,89.66410478,0,217.9784455,851658.9989,206,63.50302294,11.47746324,0
132,17,1620.829382,147,71.17663537,1,285.0138123,301920.5256,269,92.22701516,14.28123368,1
160,15,1609.97958,283,65.26614355,0,358.2396811,1003011.135,242,86.76734609,11.95707752,2
193,17,1925.469129,419,94.188138,0,203.859066,571772.8283,164,89.29765837,10.27849778,2
166,29,804.4045514,286,66.61209145,0,296.1360253,307884.226,260,77.2885275,18.0501488,0
118,25,1348.324947,189,94.17043156,0,205.0596043,409977.0854,250,87.18903184,10.19522571,2
148,14,1969.470073,431,79.63060027,0,285.1658749,394279.7333,268,84.36115779,18.30689605,0
189,8,747.9411665,238,76.26227135,0,365.4423841,671127.6721,225,90.75920781,11.44103963,2
74,10,1550.377939,456,96.12763115,0,169.4072927,357807.0997,169,77.87079338,19.74678411,0
172,11,1378.715219,188,84.1540393,1,221.2724926,235923.1361,280,78.913025,16.03873912,2
102,9,1379.718638,373,83.06456029,1,397.9795589,236059.9357,222,85.74304891,17.34982972,2
193,15,1546.505941,118,82.35063778,0,360.5671085,741603.8169,271,64.32309975,11.10483628,1
106,17,1894.425384,410,74.84678064,0,269.3919574,908235.2177,190,77.44977793,18.62104073,1
88,29,1673.87291,457,91.42572414,0,254.9882776,453686.3097,279,98.87803381,18.39192343,1
158,23,584.2041551,473,70.11193776,1,185.3801147,138115.7808,172,61.5020928,16.52992732,1
91,27,1779.09203,253,97.5557984,1,255.1628283,239947.3756,172,72.64018891,15.02274865,1
191,14,838.3119949,489,95.7594082,0,354.4544495,1106164.016,293,72.56439276,17.21489173,1
171,14,1065.371247,359,73.49921303,1,305.552354,642898.0255,158,85.33856477,10.05928215,0
182,15,1192.59922,207,89.17855079,0,187.0132085,598930.0906,162,64.23201438,15.92440755,0
124,25,1221.359001,470,82.92892778,0,160.4391763,141854.0961,200,85.14176124,18.47406135,1
195,11,1152.770599,384,73.50597208,0,179.5625611,901500.7245,213,63.80160963,13.56899887,0
125,22,1906.029941,158,99.54086592,0,150.9277604,680874.889,201,63.7981459,11.08289356,1
58,8,1559.028511,224,61.00949383,1,128.6922088,322289.0297,187,89.12733429,14.2087725,0
123,6,1446.755969,453,70.10584122,1,225.7408523,221081.1362,249,72.96540695,17.27104449,2
194,18,574.7630417,372,80.80296244,0,133.9898813,521726.65,295,99.09691791,11.0730121,0
56,17,1855.869995,206,80.87812014,1,151.5737673,1020878.161,200,61.49411746,12.0604856,0
190,16,1864.085288,398,83.557323,1,264.1974053,1051824.015,286,77.80426655,11.47551847,0
186,11,1670.319595,344,90.06704688,0,149.3797821,763131.0184,290,64.52543751,17.96947756,2
76,6,510.5438057,435,84.93911322,1,119.1639302,900290.07,204,74.05515867,10.62892622,1
171,17,585.9203766,346,84.01125842,0,195.216655,226671.3661,258,99.92889802,16.86586502,0
54,18,837.8355534,107,62.14057852,0,166.0957296,746938.672,193,95.55370047,13.66456921,0
78,21,697.0241122,240,75.06121151,0,254.5915564,833662.2738,259,61.93297635,17.55791243,2
132,13,1098.254045,461,69.28222959,0,130.7101254,320784.1272,277,82.53023375,19.64383419,1
185,21,1883.934587,107,70.61480446,1,325.5312363,1068170.206,254,85.91289219,11.145453,0
158,12,1208.090651,451,82.17349897,0,371.8700558,314496.4113,159,68.38138496,13.14385041,2
114,6,520.1039396,193,67.9802126,1,323.0305522,444825.0958,249,65.80422294,18.10125428,1
135,28,924.1185344,420,71.75796404,0,259.8481112,782612.5317,297,96.17524539,12.66158386,1
194,17,566.8923626,138,69.48338834,0,358.2003465,802185.0716,258,98.75265766,12.15120597,0
120,7,554.4314339,180,97.94011773,1,308.4755139,869323.2151,257,99.67571429,18.25377978,0
94,20,913.5797796,286,97.78662929,0,103.1653367,223212.8844,289,91.59047095,19.87082364,0
181,10,913.418508,183,84.39766234,1,218.2270458,1034410.873,295,86.54008278,15.5688059,0
85,23,1680.689904,187,96.98089875,1,355.2855698,686131.8455,243,73.82921009,12.78048748,2
119,11,1962.251979,341,91.43250582,0,203.7576574,618453.9735,212,66.85593249,13.98565962,2
68,14,1056.810641,441,83.59791531,0,110.5645521,1179207.387,233,63.15922397,11.70130327,0
157,13,1143.330318,192,60.25740846,0,323.8538916,914416.1266,174,87.73189874,17.61887279,1
140,6,1767.184154,185,90.90065144,0,340.6114811,229806.6293,161,91.38893661,17.73474018,0
139,19,902.2085301,143,88.09953366,0,148.1781085,932193.0839,298,93.0581461,18.75120992,1
68,9,734.5727066,236,84.61014613,0,261.2021491,204773.8274,174,96.55060013,10.26602564,1
88,26,1779.634435,173,90.41697247,1,157.5866317,130217.6188,160,95.19718255,15.61981342,1
175,8,569.7508797,135,80.51688659,1,315.7703257,543988.4848,213,99.98965089,12.14255434,2
190,24,1429.54916,200,88.16333085,0,181.4651366,1192935.99,275,69.76256044,13.40883015,1
175,8,1342.989271,255,97.40688347,1,194.8645368,292372.3298,199,90.53230461,17.84955615,1
107,22,1018.880671,354,75.03220063,1,353.4912561,839908.7779,238,83.45838049,11.92033652,2
197,8,972.7842816,270,88.3248734,0,242.8967057,290735.6728,248,70.4498053,16.38341751,1
110,21,1657.786589,315,79.02751272,0,300.9263354,897265.6725,265,99.27621289,16.54566191,1
176,16,629.6369161,269,86.97598607,1,220.7119152,655889.0351,245,95.91592419,19.54093915,0
154,26,855.176464,351,90.51573342,0,189.4020572,847968.8811,163,65.14062674,17.75160929,1
50,21,1598.673098,459,61.81810002,1,287.6434181,323160.4935,150,61.04633369,18.03635147,1
180,14,1322.480876,421,85.86401776,0,146.4572722,920191.1658,174,87.53323049,15.31600749,1
141,26,691.9823128,154,69.06964738,1,211.8999507,1195180.966,221,84.16522515,11.86780807,1
162,5,1823.203421,190,86.80130151,1,162.7111112,832215.5507,218,97.43262496,14.25563366,1
105,26,1090.17177,377,78.73320744,1,308.7384901,642827.9979,282,69.36021149,15.49489574,2
166,28,1741.802563,200,90.94210967,1,383.2626515,1115491.387,254,63.37551792,16.78419252,1
183,22,1681.569523,254,64.93603261,0,398.6532904,117437.0265,296,70.36861335,16.07709112,1
107,22,1436.63817,476,85.05289407,0,235.0830431,902915.8712,172,60.75710562,13.93977829,2
93,18,1241.721697,448,71.13882916,1,175.7591169,1077621.168,158,61.43571005,12.65313107,2
110,19,1969.326261,463,94.11927981,1,232.8488111,167842.042,267,96.59431224,11.68230843,1
96,16,717.4476086,240,97.13534023,0,354.180823,595070.5875,243,74.0806633,16.93845386,1
198,8,1587.733591,272,99.85593175,0,161.8017036,325191.3993,293,76.43236004,16.45398674,1
129,7,786.7860522,109,91.8402961,1,385.6286955,723169.9821,182,60.73486618,16.87372466,0
167,24,1007.394658,327,90.14936282,1,202.5597306,814497.2545,279,70.82087121,13.72527453,0
196,16,963.0481151,364,68.62003035,1,395.7410978,432885.5012,163,92.18903935,12.62407823,1
69,11,1920.553982,347,73.44028236,1,351.5826663,605979.8366,150,84.61963839,17.59721329,2
195,15,1951.034267,346,78.62730167,1,342.5711602,407273.4338,239,90.15122404,17.73647395,1
96,5,774.5231664,254,90.93524191,0,195.3714021,506330.2809,238,77.88854963,14.55616374,2
98,10,533.0527404,133,96.5986346,1,102.6331636,275493.9524,293,72.38916887,16.11904085,2
63,19,1580.012059,228,67.565564,0,214.6398726,1074115.388,239,79.31240373,13.73519664,2
192,19,1126.984901,259,96.89469939,0,190.5428109,111011.4516,163,72.92284274,17.019472,1
50,23,633.2603676,188,87.82498609,0,111.2190971,1070650.105,260,93.55884387,18.35721597,1
166,15,1525.631158,192,84.43082923,1,251.609577,728846.7662,292,71.90694862,16.88233277,2
103,27,1317.658292,426,67.99365085,0,220.9093934,464823.6286,232,86.39054562,15.12582627,0
167,6,1970.775233,340,62.22100131,0,290.3669403,895362.838,221,65.47928889,14.58657959,0
52,18,841.1142438,422,82.73859594,0,286.3558967,658527.367,279,87.47465975,16.42319651,0
193,6,1105.966814,216,86.06062733,0,136.2239908,649019.5239,176,96.53198846,16.79810892,2
61,8,1313.818705,193,68.43125797,1,393.0896638,221156.5112,223,84.34332619,15.58729444,1
123,21,1687.549983,262,82.25824823,1,156.0794288,528467.6285,248,82.3942152,16.24942275,2
65,7,1323.257985,198,94.25973611,0,233.5822074,365170.7804,221,98.44473072,10.96588682,0
151,17,1419.350241,212,93.40263782,0,246.435263,117265.4962,172,85.09586221,19.51765516,1
166,13,839.2205774,458,97.09420722,1,343.9188392,496109.5939,217,70.38201733,17.90773064,2
57,11,1770.378092,190,74.63543238,1,129.7688788,198804.3424,291,71.69564095,13.7392787,2
171,19,1142.94582,445,72.7219829,1,228.5932838,382513.0415,266,88.2122657,15.62812611,0
141,27,711.4394413,305,89.97704024,0,288.5506511,201768.2833,255,89.41746376,10.4732453,2
139,15,1496.281872,116,77.2444962,1,164.5466865,211035.7881,242,72.13984927,10.41227814,1
185,24,824.1356798,373,63.50194656,0,288.2403696,318912.4239,214,73.81375912,12.50798335,0
109,6,646.3437654,272,71.31204523,0,377.0994513,1199834.169,217,99.64226035,16.89701642,0
77,19,1792.980363,215,76.74329142,1,399.2554394,102402.5571,277,64.07810198,18.52147748,1
150,18,1190.243397,448,71.70065702,0,109.735323,802539.8997,212,76.18580114,15.5918588,0
90,24,1623.925569,280,73.28822284,1,170.6764685,255368.0678,262,62.49790125,15.3213274,2
194,26,935.8813397,190,71.75103625,0,193.0921347,1112690.95,239,92.84313448,14.02309534,2
190,15,1680.455202,181,61.65996669,1,219.7378301,202996.1827,230,63.69383356,11.61597956,0
95,7,667.9038905,423,85.48378803,0,172.6771473,1150569.506,252,86.96029426,11.18354101,1
84,21,1033.960061,213,83.89169681,0,161.0463984,772019.0262,265,62.25933696,17.60679761,2
183,16,1967.092727,356,86.13533994,1,386.3661527,101394.8846,162,86.91420151,19.27503551,1
131,28,1690.984575,157,67.69239584,1,375.5564808,1083407.918,273,93.72147788,14.58283216,2
164,25,1245.883895,253,71.82618166,1,114.0977503,673882.9815,296,75.95286108,16.59445659,2
96,19,1009.666207,464,84.78463708,1,201.6439065,388936.7089,237,80.88505974,19.14457651,0
59,20,1808.20355,215,83.98510274,0,221.5445661,944007.0953,160,76.06166952,10.90113633,0
105,9,1317.271639,442,80.25321237,1,171.7043604,1119332.109,164,72.01955035,17.70481453,1
79,24,1637.637527,365,74.01653,1,288.6618691,632059.9055,159,92.13053603,16.16816884,0
158,10,1631.16152,414,96.51724019,0,292.114224,447108.8219,190,70.88010295,15.98637179,2
54,23,526.9185179,302,73.59080969,1,355.1512685,967839.6363,222,88.91773698,12.92540428,2
168,29,689.3806742,140,78.22476626,1,322.2607805,849964.0476,201,68.24788317,16.83893355,1
82,9,1489.44405,204,87.12455324,0,262.7719981,1077627.732,277,69.99415184,17.94797755,1
167,7,742.4297169,488,81.72085723,1,296.076031,861765.414,177,73.4584465,11.12858165,2
114,5,883.240017,477,73.87543905,1,182.1966345,367881.1728,214,83.5662551,15.33521431,0
195,10,1919.956931,292,77.42579162,1,277.916857,1124825.175,166,78.17689277,11.01265181,0
60,19,1340.273388,377,91.77923271,1,246.7681764,215319.3219,244,89.80579239,18.72574019,1
134,6,1626.09426,453,71.12516622,1,140.0033402,394737.0251,287,68.54269201,15.07636723,1
75,7,1336.971108,336,65.69020959,1,172.763283,672214.0685,212,60.42689151,18.07965689,2
112,21,1328.770422,320,72.52652807,0,187.5080352,722316.2287,187,91.06229887,13.68085638,2
135,29,641.2278652,167,93.98136862,1,377.2928701,116841.6453,219,92.86597336,11.25078227,1
108,28,1015.494789,296,63.55958859,0,169.1159918,958629.9984,253,62.37920652,10.41499304,2
76,16,923.646348,355,99.66784293,0,186.7731708,497768.0503,202,84.43630089,12.81509621,1
147,22,1086.092548,238,81.64011596,0,210.806239,547060.3951,268,75.12827135,12.442337,1
154,19,1697.516282,411,99.39382976,0,299.1228216,990306.4989,223,91.75582621,15.60351974,0
148,16,1057.899002,248,97.55985688,1,135.4715177,517211.7309,203,94.97658217,10.21738838,1
178,20,1177.545229,198,78.11254857,1,386.1835637,151947.3641,169,94.04015067,15.20570544,2
198,12,1096.072086,175,67.93964298,1,359.671366,294083.7475,228,91.08816989,13.91771742,0
104,18,640.111958,381,66.59539106,0,273.1648219,1151493.49,180,70.76208915,15.7712227,0
55,29,1161.608237,470,69.59957455,1,302.2113602,177445.8986,284,92.47558574,17.02417528,2
144,21,793.4139096,208,88.40530562,1,104.9981414,490424.3211,207,81.33913904,16.34091945,2
182,25,780.0849437,287,70.91799979,1,201.6834326,653497.0838,254,62.11026459,19.84644369,2
151,12,641.0541567,298,73.65701078,0,338.6980692,642608.9101,159,78.277554,11.38265344,1
52,19,1035.006461,402,77.95115216,0,123.2448921,104355.9373,159,97.68631668,14.29737009,0
72,18,1636.222827,426,96.52930722,1,184.6941503,651279.0046,188,95.51437399,14.24830737,1
102,22,914.6625359,253,67.57573672,0,275.5890485,522149.7038,186,64.09057124,14.17053204,1
132,24,968.5236528,139,60.2010621,0,176.9239083,1169287.269,268,89.76506743,16.63798392,1
194,11,1464.011987,232,62.40385642,1,380.1933922,275074.9924,216,92.23171464,14.89828061,1
134,7,793.7612189,231,96.19065367,0,139.3175892,489569.6164,192,70.85552753,15.1743256,0
127,16,1845.436896,378,85.90065859,0,339.2183074,561429.6336,201,78.86434283,14.32355992,0
159,25,1280.285785,461,70.92162477,1,252.3846076,529762.8908,250,88.43951766,19.91699461,1
50,28,1171.40441,183,67.08770004,0,325.0992327,832413.9104,205,77.56165955,19.27561349,2
100,7,1336.730288,498,71.77066947,0,193.2145985,337064.1433,225,64.51187675,13.07724189,0
53,24,749.0514701,341,64.59187709,0,254.3468807,343178.7081,217,88.23529779,11.11593925,1
162,18,1420.209708,215,97.66131641,0,357.0506049,902132.0434,286,96.46554759,18.39764724,2
81,19,1044.651105,208,91.36824697,0,240.0634297,650319.5705,255,86.09938914,19.97170251,2
83,29,1845.779511,320,78.49564708,0,207.9159586,556671.2437,274,90.95202994,12.92608894,1
141,18,753.28131,491,94.5985042,0,260.8466159,286123.3568,241,74.33450143,13.57784926,0
144,11,1260.576656,140,69.97832817,0,315.2088259,306279.9452,172,67.32792981,19.41633181,2
121,21,1397.168944,467,88.68482274,1,233.0690036,111606.8005,258,85.71094646,17.11129518,0
88,16,550.0754027,246,94.24529996,1,381.6630925,200568.8957,210,73.11084823,12.95638332,0
167,24,1045.539687,211,74.27074846,1,188.4837472,712522.5642,193,94.40294076,15.81046491,2
52,8,1598.952852,202,90.29857782,1,242.6390819,1081060.443,165,64.905122,19.44229579,1
172,13,1730.566261,145,71.80289397,0,327.0782978,415881.2416,171,77.33854799,18.11813107,2
99,10,969.7429922,423,71.95428541,1,306.7363271,460521.9485,206,75.86910402,17.41832714,2
61,20,1697.889909,477,64.28228714,1,359.0923157,227166.1717,211,97.52215414,17.36996312,0
103,29,1951.633816,370,77.60232186,0,399.0427542,527494.0402,256,66.12539202,11.78020324,1
182,26,1785.310904,484,89.18847626,0,228.0574986,140943.875,220,60.393873,18.24681239,0
106,26,676.4659822,294,97.60883222,0,133.3452639,1109360.766,239,69.52340851,12.76118632,2
194,25,1609.595498,466,84.15187968,0,109.1247642,840422.4829,221,92.81107439,19.30366658,1
161,25,979.5002487,379,94.52542151,0,318.0630718,1189823.69,219,68.37287264,13.64639991,1
96,6,1982.623984,382,92.89978597,1,362.2041014,1071105.479,179,69.63512255,18.57660397,1
134,28,1228.038475,139,66.93372212,0,166.2137758,620289.6531,252,65.19595218,12.66233495,1
191,12,683.6508475,288,79.43269716,1,147.5344112,671653.5343,181,88.61744813,15.14526937,1
115,15,1587.778322,263,64.67694142,1,118.6615275,309633.6512,235,62.76696762,11.06885295,2
124,17,984.5167976,123,87.28612646,0,346.8108765,608243.2771,206,73.24833209,16.60118903,2
152,21,1995.617236,123,97.99598673,1,193.414582,1093330.661,258,71.29994906,18.36079275,2
87,12,1969.673687,103,65.48357832,1,220.5090678,155938.766,158,82.20638919,17.18447281,0
99,25,1484.201027,422,89.35532523,0,250.8250575,1049912.483,180,89.2166506,15.23258513,1
147,22,694.7396734,389,85.28952603,1,351.8359703,475042.5818,220,81.31505739,10.45115879,1
131,22,1530.291497,280,83.34420148,1,295.2499665,1089464.042,286,97.24103972,19.33441007,2
79,18,639.5457297,347,75.60480939,1,284.519389,1134967.897,162,98.05770556,17.05489549,1
128,19,544.0462387,215,74.20526591,0,152.70163,837951.3757,280,74.45861314,17.45864238,0
140,10,1734.437669,378,61.80996756,0,253.9569675,830866.1653,184,91.10721505,17.94680576,1
101,15,814.6294215,464,68.71634833,0,314.6143052,598029.7715,170,89.55205533,17.47743426,1
128,17,1068.540689,168,60.60707529,1,391.9782649,1019094.247,213,95.71858367,14.41116164,0
79,29,1960.186085,450,83.25668422,0,160.4218928,1157774.034,244,77.91774561,17.33621829,2
155,5,1005.260753,353,64.23412944,1,102.8630059,952589.9804,183,81.21892749,16.25026788,2
100,10,944.7346719,280,94.92077576,0,122.5904301,784130.4071,270,76.63097254,18.54016334,1
130,13,1877.311999,417,80.92572083,1,212.7557396,767472.1854,164,94.01507677,18.02459815,0
182,12,666.122668,268,87.98759636,0,346.1633943,1034416.892,269,69.18809261,10.41374382,2
78,15,1639.373615,412,76.43428367,0,102.1426245,695324.1423,245,69.58836313,13.7888709,2
181,26,1982.09835,348,82.42319236,1,237.0191779,984245.8749,155,74.90420414,10.34716152,2
187,23,1851.944016,287,97.70636708,0,198.7691846,659773.7807,258,69.21371328,11.02074925,1
194,28,1477.501878,153,63.30936158,1,115.744513,168688.7025,246,82.44027346,16.01410722,0
123,13,971.0911925,425,70.15751088,0,235.070886,522341.7098,181,65.37960426,18.73821821,1
66,21,881.4829718,456,91.19953308,0,176.4246122,588885.0534,232,72.80744878,11.19824759,2
133,16,1728.882657,412,63.94948828,1,205.5654503,255778.9695,267,96.53778794,14.51089287,0
118,29,1819.732871,237,63.02644416,1,311.6845914,212745.9621,228,76.36901921,19.10878905,1
83,18,1288.152369,267,74.46165595,1,256.4652952,689011.4446,227,89.92934866,18.14300984,2
55,19,866.5099112,490,63.68671834,0,137.3942287,193658.0002,296,64.53848767,15.19667896,2
102,20,669.4148126,202,83.40313769,1,388.4243621,433239.6847,256,69.90258033,17.71571439,1
175,26,630.7692017,184,69.05101003,0,290.7732297,919056.6736,275,92.29382485,15.22693774,2
92,26,1578.616171,416,95.82791853,1,329.7605277,1160875.398,164,90.51971745,11.58092337,2
164,24,1130.178092,311,91.34000323,1,123.763945,889657.6386,283,75.44623674,11.24736113,0
160,5,1858.039811,102,87.98820824,1,114.1175138,1191888.103,222,98.17587608,11.88368232,2
129,14,1609.506951,483,84.6777611,1,105.8344151,868171.7684,250,96.42572063,13.50922095,1
144,12,786.8906269,278,94.53862921,1,156.6382083,423173.9177,247,98.49202996,19.30529268,0
167,22,1420.666128,441,68.92248246,1,224.3225193,839257.7946,175,77.11658761,17.99678414,1
193,5,1153.258182,402,94.92435371,0,380.74784,872372.4417,241,67.89894335,14.32801561,2
57,6,1365.874596,431,91.57969194,1,237.1178978,508899.6831,274,85.06634556,14.9307671,0
181,5,1607.103685,137,89.92643306,0,187.0765316,119485.2357,222,87.39092633,12.65609458,0
153,5,1709.293822,338,82.45022712,1,268.5805761,873519.7633,272,65.01767138,17.04352956,0
181,13,1765.60599,268,69.84976644,1,133.5803734,123870.1048,202,91.45932137,18.02765671,0
74,17,880.9623119,496,76.94191664,1,282.8517673,794306.8859,227,60.72240879,12.38904696,1
145,5,546.6733999,442,91.74282618,0,270.5295863,279978.1376,241,79.3091355,10.41821624,2
142,17,1608.942103,413,61.27113937,0,337.59791,722163.8805,237,73.24065038,16.23888943,2
110,24,659.5155894,405,91.28203077,1,396.0062835,654304.3279,162,89.6121224,15.62512119,0
171,26,972.3793829,129,69.60282962,0,175.2620415,114865.0065,192,72.5104291,14.02131155,2
100,11,505.7257012,289,65.77236803,1,252.8969352,499152.3987,225,93.07228451,16.43893942,1
196,6,1522.504224,456,64.62805273,1,372.6596219,761200.2841,200,83.79813955,15.50613298,2
70,10,750.6980172,124,61.09000048,0,335.5569653,1033467.207,168,91.75573447,12.50581577,1
54,11,1482.923615,211,80.94345941,0,246.2218909,1077506.325,298,99.57362551,13.97728976,1
141,18,1987.613926,305,68.73039491,0,383.6114949,632234.967,271,87.16633383,14.2811357,2
110,22,609.0063074,284,99.57727063,0,117.1710081,901264.736,173,99.39801265,18.80247994,1
71,19,615.6170179,481,82.97747023,1,379.2995859,448100.0342,175,61.15345308,19.60904154,1
198,6,1010.570139,478,65.51541077,0,115.1522177,476405.0463,269,73.52559954,18.93001362,1
119,14,1799.579771,146,87.55050163,0,264.1914232,313909.8711,231,64.31413058,17.19178024,1
50,27,823.2948032,473,95.90974266,1,367.1322844,718142.921,249,70.49219726,15.84992734,0
182,16,1040.56673,327,89.80717981,0,178.8162831,446020.566,166,93.55551597,16.89261635,2
61,21,602.7581099,138,63.05759444,0,241.6745497,192807.9861,217,61.29293061,19.39109221,0
139,12,1644.732937,115,95.83536725,0,197.2986637,853506.6953,193,80.80731743,12.49998735,1
95,15,1112.459514,121,91.75717543,0,385.6431751,878528.5284,210,82.6851483,15.35120508,2
83,7,1638.8731,312,66.332156,1,347.0936784,495991.6607,272,82.44604587,16.89608019,1
127,10,1855.411767,409,62.07143555,1,312.7004534,184395.7394,242,79.01188295,16.79247001,2
94,13,849.1447207,248,82.29242301,0,276.288096,568927.4891,223,91.62411859,12.5227896,0
122,10,1711.094046,340,66.24143245,0,346.1775368,586569.0039,216,65.34172358,15.86731527,2
75,13,588.6408351,371,93.3836381,1,217.6801125,835537.9734,260,72.42308062,17.95913142,1
96,11,1848.271082,158,74.33338627,0,234.2655565,446958.0304,151,84.62904214,14.7507898,2
170,13,1476.152821,386,96.51569779,0,319.0005163,850859.2078,238,87.63805465,17.93298077,2
105,22,1811.340086,301,82.62752689,0,207.326429,1058637.396,175,76.16593727,13.59882598,0
143,16,500.2825993,131,67.30689537,0,119.1702826,361234.6466,248,95.01485053,19.38760127,1
156,12,753.6216055,261,65.58395469,0,122.3003827,1176811.512,176,76.61973587,15.3392844,2
112,12,1084.639081,354,83.0588975,0,134.6088404,525004.9509,238,76.11104537,15.95947951,0
97,22,1069.254355,353,90.47534447,0,360.904397,393984.5537,295,61.44829046,10.31361569,2
110,24,840.0955744,108,91.26022591,0,241.6679277,563662.3008,150,82.04565345,11.70269137,1
130,19,1072.41791,238,71.03029618,0,313.8647108,203837.2235,252,88.34723354,16.3293388,2
75,11,693.273068,109,68.16987036,1,217.8728007,238276.4972,280,64.57752654,14.19870372,2
85,15,1119.141694,313,60.67025218,1,177.6132842,555877.4517,190,72.21731064,15.0816379,2
50,24,1703.531494,372,87.16796605,1,204.1576503,938688.9741,200,91.25027815,10.62971409,2
57,20,1218.605095,423,63.06273034,0,338.2547036,1090343.464,164,74.63677742,18.34135238,1
162,8,527.0001334,147,76.83044807,0,287.5648375,831299.7898,157,69.66409848,17.84505602,0
148,10,1132.166062,210,84.06728656,1,381.291934,215741.5108,187,86.88802654,11.85353976,0
96,26,540.7625241,252,97.4843578,0,303.9114336,839221.7384,263,67.87035111,16.34329357,2
176,7,1949.365116,222,72.47208548,1,271.0544895,798970.7128,232,95.82611678,18.18315212,1
105,13,691.1809391,456,69.9908865,0,283.0588027,986340.3101,205,64.22393584,16.40854136,1
63,14,1561.532489,201,86.16640617,1,382.7114318,1007773.533,252,88.26199209,13.10398095,1
77,18,1959.164484,340,84.76956128,1,336.460279,1055023.383,287,79.98194805,16.5611115,1
127,15,1739.058577,420,73.28439133,1,107.2123712,555544.666,251,94.7971825,12.10461748,1
179,22,1548.973063,290,97.12407342,0,260.2419088,867650.8349,227,65.04780364,13.18254997,1
158,26,1759.191364,316,93.7944931,1,306.5015235,395075.3948,232,87.11579674,12.40069653,2
63,16,1972.69804,150,68.95930183,0,324.6095435,1199269.908,179,82.88218557,15.56925102,0
105,27,1432.016746,391,69.56570182,0,163.9426358,292867.6655,154,79.20360569,11.08226647,0
164,16,1338.77721,180,80.49201388,0,360.1532063,111125.8748,268,79.65629054,19.3331038,2
56,17,1442.357166,482,90.94288407,0,386.7529442,263689.586,180,88.87907847,13.33512354,0
52,29,1299.01383,187,61.76161518,0,171.0145918,953459.5185,172,97.5096662,12.18970127,1
160,17,1452.633659,293,87.73340615,0,364.7846373,591462.0442,197,63.65006636,14.96549814,1
156,23,1174.763312,203,85.9294359,0,129.0936288,592250.2726,258,60.7801059,12.76997818,0
67,23,827.6647743,370,69.25920384,1,116.7120508,1150525.212,189,92.2281917,15.34904086,1
87,27,680.3708398,195,87.25412053,1,138.76714,1111598.399,155,64.3267755,13.4850915,1
164,18,602.5114033,478,97.60732765,1,117.3223238,442314.2116,187,99.46787184,11.32066811,0
64,8,894.9736756,297,61.8714338,0,353.5036711,329963.9417,249,84.77392996,12.65895242,2
168,17,569.1853465,100,72.78608221,0,117.7150433,1033330.431,176,86.03465581,14.38439845,0
77,12,1350.75617,477,77.52706867,0,181.4992574,1096620.978,218,67.95566812,10.30293226,0
88,27,925.7426705,266,95.97041436,0,131.1269031,695756.6151,206,69.61249241,17.70642527,0
66,25,1736.802212,225,98.49045786,1,188.6266109,792366.0822,166,86.37401212,16.21824565,0
135,27,611.3613095,412,77.76460986,0,127.1678403,382605.7132,220,96.38907352,16.01359607,2
175,23,839.5272415,180,90.00113649,1,300.4009752,980882.9568,196,99.29562218,15.46049932,2
93,16,1595.369221,350,81.26644095,0,139.9980449,795334.6713,228,67.92123787,15.90313172,1
74,22,1398.212445,268,81.51131739,1,355.5537778,653864.8624,259,65.36478491,19.34651953,1
194,10,596.7369069,172,71.1239806,0,345.1573152,166119.4117,162,62.25605431,10.08569211,0
62,22,1815.859186,240,68.67824983,1,104.0985056,1107528.459,288,94.73188073,10.4779971,1
74,23,1815.892644,169,71.52021384,0,368.7179067,776996.5624,273,71.78859387,11.9149341,2
117,26,995.6120058,361,82.25312029,1,108.683295,311960.2042,258,60.07248135,11.6730138,1
187,9,1010.608765,439,61.16620744,0,171.8937355,767024.7287,239,68.95272344,11.81194459,1
116,28,1983.542538,407,96.28995777,1,109.7167413,845209.6897,235,73.6176432,16.71943886,1
158,13,1439.264257,344,66.25134838,1,200.7530461,678347.3704,241,99.63944678,14.59483301,0
195,7,1296.974781,102,68.80354707,0,254.1599577,889911.9118,173,80.94166375,19.91778878,1
160,14,1757.228275,436,80.73104706,1,338.9934607,739599.3427,222,68.1885579,12.26885915,2
160,23,927.9355075,162,88.40459065,0,201.3944651,1142546.54,153,73.39273379,13.10830101,2
83,7,1143.77389,148,63.82916219,0,311.6470074,159066.7865,262,73.2123075,19.84240717,2
160,26,901.6650132,175,72.7077879,0,156.2513371,216870.2793,195,60.78902986,18.31758141,2
57,19,1683.74127,467,98.74698422,1,325.179537,291038.8006,167,65.40732217,14.69799221,1
162,5,1360.024018,274,70.49371867,1,170.7989818,859188.1777,192,87.80785839,15.54596886,0
132,11,1488.237605,208,72.5220058,0,143.0634268,810155.46,242,64.81003946,18.43177921,2
91,16,878.4608748,282,93.45993962,0,155.6226551,1081264.746,252,69.22937106,14.80980246,2
150,21,830.3379521,291,62.00857727,1,154.6189387,906165.1982,273,74.02949194,12.06023724,0
55,25,1232.561943,164,78.58452675,1,253.8588638,659191.0363,159,90.30939778,18.28444539,0
75,28,1606.348624,436,75.18467058,1,353.4392744,1191014.972,222,83.29603859,15.37772491,2
113,24,1287.859636,370,72.6634704,0,123.8815231,392718.7518,180,87.5599994,11.53042597,2
108,9,548.9685163,199,71.42798376,0,312.0868955,1016510.826,209,82.68049302,15.05585831,0
158,8,1802.827259,131,63.65496419,0,296.3039379,569469.4094,280,87.34369701,14.13203381,2
170,16,597.0303403,451,72.59303317,0,361.7559855,813608.6528,267,60.11368615,18.76842532,2
82,24,1933.736726,227,61.72209611,0,173.2442682,899995.3175,163,97.23592577,11.26055431,1
199,28,537.7129374,468,91.23855455,1,235.0329576,797129.4959,292,64.43680923,18.75209804,0
70,22,1541.675684,438,75.92911176,0,377.7482123,254558.0334,151,76.24996384,15.12211017,1
119,21,623.3105956,142,77.75615329,1,297.998035,587246.1118,173,90.84153481,14.0436443,1
161,23,1866.014869,471,95.74378346,1,216.6305239,717582.2157,213,77.40922872,11.61967184,0
53,13,1196.649854,177,86.32219935,0,139.4237149,1033948.135,249,97.87370207,17.00817963,1
143,8,706.2856622,413,60.32236413,1,178.7455024,588010.3237,263,78.70355794,19.26806709,2
124,25,1011.22355,388,97.72699292,0,274.3646432,1110622.035,173,94.99757622,13.75377354,1
111,6,747.237013,369,69.48577864,1,315.4503843,584411.6453,240,92.43312453,12.41585001,0
143,8,755.8728673,261,64.30456739,0,137.3265661,703657.8452,175,99.23945211,15.54866917,2
144,6,1922.16248,288,90.72512714,0,279.879178,975914.2512,214,97.06191123,17.96185948,2
104,19,1167.869168,346,80.01909263,1,265.1053837,741374.4529,269,95.92495339,10.03767695,2
186,6,1683.203396,487,77.35082264,0,254.186634,1156239.88,153,89.26417362,16.31377436,2
180,8,1459.408342,315,69.98012319,1,307.0369353,826369.4136,150,74.67992589,15.96516001,1
80,10,1514.639544,414,81.89885959,0,351.2348785,674980.3995,199,64.24501674,13.18152186,1
89,11,697.5401577,438,70.97538421,0,196.896905,125951.1646,259,87.54580209,14.51423004,2
85,14,851.2766702,489,96.06332021,0,366.703657,555106.1873,288,99.14616325,12.46963224,0
55,23,1680.125503,476,68.60817919,1,148.1900838,429173.2612,223,89.06417749,17.89885738,2
115,23,1956.14931,267,95.37420602,1,151.9071609,922916.2347,211,97.14917477,16.34534933,1
124,26,894.0134639,438,82.37621703,0,180.0316191,329105.4427,230,92.17218852,15.32711622,2
53,16,907.3531471,292,93.13952536,1,135.8592609,325742.096,205,66.524587,13.92526198,1
128,7,1209.345699,382,88.51383983,0,169.0957674,308470.9476,260,69.96815082,12.91384386,2
183,17,1975.760469,435,87.86780446,1,131.9235289,238177.1745,170,73.67462407,18.22736486,0
167,22,903.4384187,489,72.97383231,1,346.5257251,442107.704,290,66.73041777,14.5140767,2
162,12,1110.457864,112,69.35587726,0,141.6906976,1074514.326,158,83.26605331,15.0144742,0
143,25,1837.220023,339,68.43544911,0,324.1892673,952421.3195,288,99.01802097,15.20828731,0
111,19,504.3815489,419,94.28766628,0,114.3741604,908776.3379,219,90.45835334,14.48366935,2
128,5,559.6489475,246,92.81707281,0,384.5560983,977070.4862,278,76.93546996,12.56088426,0
185,7,1406.107516,303,77.62294112,0,313.3480263,396359.6783,267,60.18017924,11.2034044,0
75,12,1861.070247,179,65.29618454,1,102.0389646,1076185.86,205,72.53104045,10.98537267,1
93,8,858.2849906,478,75.29009008,1,329.1569501,251033.7127,180,81.07037151,17.57462523,1
182,20,1204.462662,142,84.77373817,0,254.2245762,469980.2994,186,72.97003495,12.23527822,0
119,27,1175.697952,188,78.17612618,0,333.8095511,745422.9309,240,64.44139692,10.55672815,2
167,14,1209.457019,247,91.20757074,0,256.7490427,213195.5972,263,77.71059827,17.97517407,0
117,16,1433.779544,194,99.90491289,1,292.3074573,903143.2066,277,70.13011268,11.54061653,2
68,18,1204.615644,250,67.64528354,0,335.8994966,525970.653,271,96.36929506,16.25146092,1
69,18,1171.202212,101,78.38603279,0,221.5324164,962846.2322,218,64.07018114,13.38643271,2
162,6,1211.432631,475,77.23935608,1,100.8124449,642185.9141,185,61.96610515,11.26480257,0
189,27,1386.301162,121,72.17970131,1,354.9839488,298961.9769,181,60.21256677,14.14480979,0
96,9,1305.511233,470,67.92382067,1,214.2671088,908237.9925,213,73.12278738,10.14808861,0
50,9,1781.203996,412,62.62768466,1,248.8128178,377358.3514,197,86.41547353,18.41044983,0
139,10,574.2452802,427,95.48477269,0,102.3299926,639891.3314,230,89.21655012,15.13497961,0
191,17,1749.975607,106,76.79394791,1,247.6276031,183086.5961,298,78.13046734,11.39160011,2
113,13,1765.886919,305,79.87582074,1,395.9462205,779653.3199,209,87.37314602,12.36980318,0
87,26,927.3620323,474,96.67768193,0,183.4802982,832443.5428,290,74.39656145,14.47975192,1
86,19,1194.277933,213,91.0516191,0,218.6254811,516541.631,150,86.7122488,11.88869383,0
175,18,1157.807733,371,65.22005056,0,306.1569989,1149865.058,214,61.62383941,12.68599162,2
188,28,827.7647515,182,82.6167987,1,344.4381003,1061585.814,182,75.63011938,15.34385564,0
149,11,1095.195271,278,77.69009106,0,225.2174872,878735.0073,187,91.63398711,18.32609013,0
126,29,566.5816583,309,91.8884429,1,192.9006611,885017.2819,174,92.12024122,14.01839686,2
52,24,916.7331092,427,88.9693019,1,381.34774,377641.8864,208,88.64595116,17.16975274,0
183,6,1725.023263,223,87.61622888,1,303.14349,822496.7542,250,68.16954482,18.76684213,2
59,11,926.8434526,212,73.62179342,0,135.7063913,318026.8918,276,69.88820476,12.1630094,0
54,10,1727.310003,111,92.19854922,1,120.6783634,258403.5463,190,99.84354909,18.0719197,1
187,21,1297.399197,225,62.09565182,0,245.0649552,1199414.684,206,64.13512029,17.57402198,0
179,29,1819.794016,152,66.38499606,0,166.0270198,784613.5246,197,67.22650796,13.56937298,2
62,29,1362.169331,430,73.42493092,0,176.195426,574086.6599,221,65.20105023,19.8951996,1
179,6,544.5023346,488,63.07229764,1,363.3076536,416980.9752,205,73.10619855,12.62572371,2
133,7,1513.130311,382,69.3997711,1,126.8698073,764312.488,214,68.40703341,12.54803266,0
114,9,567.280352,239,93.20603932,1,314.6092346,154552.859,161,79.90751838,17.72259165,1
112,9,1175.895528,489,97.93006151,0,181.342676,204149.0896,218,79.04082828,14.34657318,2
150,5,1894.140042,196,72.18409423,1,328.0984664,136142.3675,283,96.06022478,13.30794995,1
122,12,747.805909,104,70.58063216,1,316.7234153,649086.8166,238,61.3895979,11.78662805,1
66,16,1084.808529,156,71.19570609,1,102.2175704,760667.2921,174,72.79518307,17.65332431,2
58,28,1594.790463,433,71.10876349,1,252.7406239,168727.7375,150,83.86631568,17.86321806,1
192,8,1823.387834,168,61.43720729,1,141.7958447,893346.9142,280,84.19207047,15.66564003,2
87,17,1506.414507,217,97.07665385,0,359.8681092,353434.5787,198,79.20504916,19.57313613,1
143,27,887.2598813,475,68.54792566,0,361.4757649,853721.5991,296,92.62662163,13.1816327,1
144,19,1511.911779,158,76.80016296,0,225.5037422,1180086.854,209,62.50888686,12.19619045,1
98,15,945.0914617,132,60.38747531,0,233.3186855,860216.4571,151,92.61951062,16.77466769,0
118,14,1577.643845,417,94.31820364,1,190.9848818,1071512.358,222,79.79016962,17.58408641,0
111,7,1931.049691,149,89.24629378,0,314.9818897,1143018.357,294,65.3504278,12.24905971,2
127,26,1582.090177,467,97.87024141,1,207.5984089,635426.1532,259,95.42807654,10.76610764,1
166,18,1794.320754,118,91.26461917,0,180.3377424,872557.4774,210,85.96915118,18.10516487,2
169,20,503.1557648,313,72.54826048,0,229.6693179,1037166.179,166,66.54182747,19.76501974,0
186,14,1576.358187,296,69.91493435,0,127.4462555,492269.8042,198,61.34598894,16.44672286,0
125,14,1744.381335,478,87.9086523,1,323.9809614,387537.0482,225,65.64438593,12.778669,0
84,16,560.8381063,146,74.564511,1,103.7789204,1141258.43,297,84.35191841,19.96672609,0
50,13,1807.396591,266,82.64860063,0,293.3455185,898933.8504,280,67.17184941,18.93266636,2
89,5,885.0413425,388,60.25029884,1,154.859358,341650.3467,192,69.030523,15.13380646,1
113,9,1497.938153,240,62.47542807,0,169.7212139,593991.7319,206,61.00558903,18.25321285,2
199,24,1700.532319,183,81.41471765,0,290.6895996,976096.9465,199,88.91722689,18.15820523,1
109,12,1493.99677,281,82.64286586,0,397.8830397,701769.29,186,92.41457599,19.3479897,0
113,15,638.4271881,490,90.05811778,1,333.3152467,814947.308,195,91.87392707,18.40923844,1
142,16,1394.482278,178,65.27861278,0,167.7518897,929145.0222,164,65.10272605,16.43679236,0
121,5,1324.375485,314,80.52732335,0,152.8074265,784210.1077,229,96.1320451,16.09303719,2
60,29,1850.481902,113,67.77790578,0,359.8698611,694087.2541,288,86.89115318,14.67357288,1
154,26,1106.359594,314,63.72784478,1,233.2551844,924575.7128,297,95.9011449,16.2648564,2
63,24,981.6216456,227,76.41983176,0,141.1158408,900319.339,173,77.88642018,17.95216587,0
109,29,1624.776147,409,66.53346592,1,358.663427,792859.6402,274,77.47819444,19.69037626,2
79,15,1119.012989,347,68.87127913,0,344.8277059,495768.3547,267,91.38146075,14.67287358,0
84,9,1469.144263,128,72.70218319,1,395.1719092,546393.3014,229,63.73191422,15.73653203,0
54,19,1469.675135,379,70.37553603,0,372.923106,1167482.404,243,80.83496147,14.44805495,0
132,9,1832.058597,437,63.5036519,0,355.5371016,223624.5255,214,93.45536943,16.68488621,2
172,16,1398.038603,418,63.59664979,1,115.7723193,395355.409,237,93.20770252,16.29920504,2
127,9,1253.230415,301,67.72997661,1,131.3246108,641641.9351,237,98.24531425,10.1783379,1
111,21,708.3069896,460,62.02236752,0,270.6949583,1020402.655,294,87.93090374,15.41161559,1
181,21,673.60641,156,85.05828079,1,259.4437739,280043.2301,275,68.31082518,10.88486896,2
138,28,731.4823479,491,71.49306866,0,237.3889643,404650.0799,238,60.8112126,10.26383618,2
91,16,757.772722,317,71.18983871,0,219.0367976,172378.0396,210,79.17663195,17.91197162,2
138,28,1456.815639,161,73.27993177,0,229.3631455,876583.7927,164,80.54815462,12.58649862,2
195,19,1611.471875,256,86.51185097,1,270.7893802,362030.379,243,69.61050338,13.40655077,0
89,19,1294.987284,301,94.82535526,0,100.6229553,527542.2257,200,64.98789788,10.64084588,0
121,10,1743.526599,116,90.3634773,1,178.2126322,588071.5917,176,83.44832665,11.7950026,0
88,16,1986.89484,421,89.10116921,0,255.4839162,1080445.329,223,90.57022696,17.65604818,2
153,24,1730.018944,105,79.37564742,1,316.6648296,552463.3194,210,99.72616414,14.9353083,0
63,22,1542.323561,157,87.75222228,1,152.2470077,259747.5219,180,90.33210469,18.80668463,0
81,18,1298.739049,424,82.11049472,0,264.0643521,676746.4322,161,91.74529657,13.97242131,1
174,6,1173.279608,417,68.65002113,1,314.3379052,1159253.794,195,84.65843513,12.68700736,1
146,13,626.5885708,268,68.34353471,0,233.3882974,768454.2052,181,99.43690636,13.47599814,0
72,9,1099.053123,181,71.85568028,0,108.1243401,1181725.943,210,85.5982554,17.12771794,0
112,24,1865.201955,318,96.43210684,0,234.7804475,1025218.04,195,94.41013146,15.55005672,0
192,5,1712.033945,276,81.89659362,0,188.9334663,139562.3318,234,97.83138585,19.04191208,2
194,27,824.0770475,303,89.35621508,0,378.8948823,824239.5549,229,97.19434002,16.02168769,1
102,7,1199.911677,170,73.86235039,1,137.3840157,415443.5653,284,75.25661375,14.93018208,1
153,10,1725.084804,486,76.30863083,0,295.7427867,715578.5412,153,63.14648233,17.85752724,1
153,9,601.0768322,365,65.02262315,1,115.8159299,407279.71,201,66.8749481,19.47533851,0
88,25,1081.088879,197,66.85179831,1,233.8511313,483757.4583,261,62.36893222,13.55845911,2
183,9,1777.761855,444,93.09426219,0,266.1938462,1115485.583,185,64.21587739,12.4987621,1
116,5,1105.846796,390,83.39354527,1,189.3864794,327307.5034,203,67.38604984,16.16217396,1
184,21,616.4219671,307,73.50129864,0,236.5226907,1061520.03,268,73.64377266,14.98872821,2
91,23,1313.801553,101,92.11404836,1,149.0661384,133503.5889,276,81.74158586,19.89185575,0
64,18,1792.613742,223,69.86079623,1,191.2371548,199964.1922,166,88.46728237,14.62361784,0
160,16,1385.428314,379,99.04130794,1,286.3318975,1040142.546,224,68.43709344,10.74331551,1
82,14,839.4186623,173,73.79270431,0,190.5400168,793611.634,254,86.90089617,19.77369061,1
87,24,1076.35943,265,73.49243817,1,369.9229235,921959.7518,299,88.17036298,18.43586946,2
146,25,1175.185042,121,72.47647622,0,288.5220873,330359.4379,266,82.34489347,11.78250144,1
82,22,1368.899531,253,64.88446064,1,231.5947055,690791.8011,192,96.14471479,19.04605253,2
135,28,1639.026539,394,64.44548589,1,111.6270807,910941.1459,261,64.43979256,13.40666821,1
115,15,648.3104265,318,85.92420138,1,249.8645006,790045.5507,264,67.0848583,13.77111985,1
59,6,1834.47805,256,95.00472178,1,329.4328726,618868.6436,176,77.14659298,19.06391482,1
54,29,518.4645545,329,91.62082041,0,179.6672794,1155762.165,186,65.06850941,15.30115565,0
172,22,1055.078502,119,65.64430376,0,342.0320709,843773.0668,195,82.65184575,11.37762929,2
123,29,541.130465,140,81.82328487,1,175.5420298,1098525.88,262,75.93601866,13.69056159,2
146,11,1089.461338,247,64.22366184,1,347.1239164,902747.5627,184,71.38383178,17.22097446,0
167,28,1288.718898,207,61.81178574,0,125.5805025,909009.8815,281,66.79959252,11.74184188,0
87,19,1267.52208,183,86.25543438,0,359.8551127,188020.0967,229,73.41352953,15.90231197,0
190,15,748.4425205,466,81.40609335,0,249.7559353,495411.084,229,84.31837403,16.95274133,2
96,22,1468.610765,421,63.28094741,0,188.9612769,1044206.347,270,83.03140844,13.43853576,1
158,27,567.1676758,408,61.39756986,1,179.5339751,355864.2484,296,66.54496001,16.93880689,0
64,16,1642.86023,389,99.59025654,1,229.6031677,227056.4528,271,64.99679243,18.84207352,0
185,10,1919.966651,422,61.20085329,0,399.7148494,458716.6623,230,61.0670705,14.72116744,0
54,24,1009.653241,233,77.78113012,0,166.098218,342481.6734,299,60.49702375,13.82909328,1
96,27,1275.859073,306,80.18476098,0,130.9649947,1117817.014,268,95.19241743,12.51158401,1
117,17,1068.365417,382,64.69120591,0,275.5105506,1054763.306,207,61.80355424,16.0420548,0
125,24,510.0655855,365,66.76247114,0,246.5627399,649651.5533,212,89.24884439,18.79852048,1
179,20,1078.811754,172,74.07220026,0,257.2588813,167478.2619,249,94.87940385,13.24661267,0
144,22,1687.580389,451,90.46703505,1,300.0806253,886018.5807,215,63.92231394,13.96235525,1
164,14,1393.983263,147,80.28329696,1,180.143221,785752.9045,294,77.45205695,14.06625518,2
85,27,651.8898719,425,85.51607498,1,373.1994986,1167610.138,234,98.49211933,15.60812342,2
75,12,1770.709235,332,99.4069822,0,230.7016198,714848.5643,286,93.36554642,12.28408962,1
92,22,1296.628017,199,90.72021741,0,138.7258585,470033.0957,293,79.58816127,18.22211155,2
76,25,1762.585043,158,77.37445993,0,322.689627,670923.8629,272,90.50284451,12.95602278,2
118,5,1370.332278,357,77.85767687,1,292.9313058,1177189.621,151,93.33510498,17.05362691,2
197,27,1339.532667,164,84.75088308,0,194.7230207,865998.6758,255,73.92107853,15.13215742,0
60,12,657.8887778,182,86.61460834,0,286.4556172,839173.7517,257,95.68611667,15.85897603,1
123,10,751.0395997,253,80.02843703,1,165.9585869,364749.7487,221,78.81893279,11.79608739,1
153,9,1958.037885,365,85.79444891,0,233.4518078,917962.7693,275,81.11229454,17.35023198,1
87,19,842.7301201,408,60.94129978,1,369.8237567,925299.0124,206,99.98830551,11.88620519,2
183,26,1966.178177,178,77.18491456,1,140.0602699,449017.8822,230,93.73211865,11.13473638,0
72,19,1297.86906,414,71.15752304,0,216.008935,632085.2156,290,74.47080023,15.466795,1
96,6,703.6835706,249,65.16697781,1,346.3427274,424063.6662,168,60.41382386,17.09297137,2
139,5,648.9533041,147,63.98186051,0,390.8472698,384575.5774,156,85.04696295,10.50035836,0
95,27,813.2961061,478,84.12768662,1,236.1778409,128485.6773,286,88.15653705,10.69395315,0
156,27,1888.455995,347,80.94402189,0,252.099886,413732.9191,203,86.03210761,18.02679163,1
189,15,1121.225336,377,70.14336468,1,271.6515885,709366.9449,253,98.71449405,18.090327,1
190,14,1093.151402,455,78.83800235,0,379.7044425,101761.3063,235,94.51884109,12.45304717,2
153,22,969.8093916,197,79.68929261,1,357.4620373,411540.9922,231,77.95326773,16.15228203,1
160,22,720.5927758,124,67.80035922,1,151.1803374,1069551.366,210,62.5142995,14.43180075,2
153,21,1231.776796,383,86.08372248,1,231.0273454,753013.4436,236,79.04235078,16.32696041,0
109,12,695.0716738,468,91.23677426,0,239.2001285,768649.1065,151,87.5697608,18.62879284,0
149,19,1753.220355,400,91.65854164,0,336.7288335,543700.7355,180,84.30839233,10.79856425,0
117,12,1055.595479,167,84.09879323,1,280.8678648,844119.3578,182,81.52548271,17.77984426,0
182,21,1062.205352,106,80.4655433,0,296.2661386,308926.0429,229,78.75275832,14.93029105,1
169,16,1211.009643,404,62.44028572,1,399.4599723,1000621.491,160,71.75047492,15.64126944,1
86,12,1166.19157,236,71.51325195,0,122.488013,228358.0319,277,71.09387047,16.5393136,2
121,29,1992.28696,263,63.73085787,1,166.9029471,821601.4901,284,80.00925916,19.22623149,2
176,18,1318.071682,182,98.55292644,0,222.3687812,475264.2584,277,66.42412586,10.56719954,2
155,8,632.3025557,484,65.40320585,1,204.3347209,922264.2676,180,73.62741694,10.29476352,2
141,5,1410.316012,237,66.07101639,1,106.4936684,704741.0064,275,72.95917099,11.78261781,2
80,5,727.3764393,172,95.58306473,1,127.5332819,597588.3423,196,83.48531206,19.86447726,0
171,23,546.4064671,336,97.75713134,1,304.2859874,286364.6423,256,62.66729201,17.15076367,0
186,20,1956.113231,145,90.63316157,0,363.797339,800503.6107,168,93.18674721,16.14641119,0
100,18,1660.308337,205,60.21619695,1,254.2681034,1172246.828,230,82.49513522,10.47039053,2
78,25,1970.163489,387,60.05385084,0,261.7573239,1008163.767,272,86.83306723,18.79110224,0
89,20,1216.817672,361,75.12403079,0,176.5280298,166009.0118,283,88.12375615,18.12756853,0
90,9,1298.386297,275,65.7358148,1,330.3629091,513852.3162,256,71.65936547,16.64800044,0
60,13,752.5054339,265,60.73544569,0,325.5383762,1118141.31,198,78.8148627,13.39130815,0
50,6,870.36114,244,78.56266758,0,276.5097068,653348.1223,222,98.24983823,10.70504956,1
95,22,1757.823822,429,97.7224759,0,163.799286,828323.0084,199,90.66820952,15.80038488,2
150,10,1034.278471,469,72.952783,1,129.1054655,1103859.28,230,98.78227501,17.19694571,2
198,13,1740.222461,382,86.44562714,0,119.2715728,1061174.159,244,89.85017381,10.9424035,1
139,5,1563.520586,153,86.08941413,0,277.80882,652002.4131,161,67.02400559,16.3376766,0
159,13,765.7563879,277,70.04320415,1,347.5105957,581410.9329,172,62.58143535,12.86366068,0
106,29,1261.169549,343,86.01700995,1,357.4991295,473661.8803,203,83.10645747,17.64244221,0
50,20,1516.080982,440,68.49335897,0,239.0866223,890921.3875,267,74.31253119,15.39615851,2
112,17,852.5558222,226,64.88029654,1,335.2813898,415685.4794,208,71.01831641,11.29036788,2
104,13,1746.032766,466,88.05533142,0,384.0640589,374876.3671,152,92.28843986,15.26519448,2
164,25,1317.241486,370,64.53763268,0,182.5510337,491874.8841,207,74.67973068,13.95736863,2
192,17,747.8630757,231,99.87636874,0,219.3881039,294936.5626,206,72.68003879,11.80355968,2
198,13,1374.476639,192,67.33809605,1,379.4436978,864631.7975,294,93.99950373,18.41515724,1
102,15,1999.570706,478,83.76567451,0,201.4692902,777864.7143,239,93.85149346,10.11028448,2
186,8,725.7822375,172,76.45498286,1,374.1628871,631166.3875,204,74.25466551,13.12128277,0
106,6,1725.135395,347,65.0554569,1,394.3134587,529358.3572,194,93.29994804,10.12595038,2
166,10,810.9635048,447,61.1137563,0,298.5432186,1099968.797,150,94.03113961,10.96006947,1
84,18,1673.582494,372,84.90929129,1,345.0670869,132036.1635,170,76.9572214,12.97096219,0
112,8,1601.866885,142,92.27030255,1,324.8636693,946018.5179,170,62.65892521,10.54271185,1
74,10,950.7340784,476,93.68062646,1,309.8602773,1092100.529,201,60.06338578,15.96630532,0
139,23,988.7346763,140,79.30853892,1,192.0793219,590990.0374,231,80.93169852,10.86862908,2
124,10,1688.782088,269,91.09821869,1,117.1283014,705759.5406,216,73.76301973,17.01713634,1
87,6,1192.168268,311,86.91388534,0,202.9155198,1138910.057,262,99.88527577,10.52642113,0
179,22,1596.227043,267,88.9701811,1,300.0807956,333505.2668,193,90.89643999,10.59308895,2
184,17,721.976221,138,79.70396021,0,130.7587595,672148.3326,159,90.45101825,13.05325899,0
140,13,1778.836673,468,85.33646961,0,103.5753949,622193.2398,213,98.20971073,18.96571525,1
66,27,1566.327075,344,92.22103654,0,141.9077118,384231.9127,218,95.50897592,16.41393249,1
177,23,1860.414213,250,75.91536702,0,314.7207779,1000452.553,217,72.72749918,17.70131292,1
157,17,698.5585686,210,92.23915603,0,391.8381105,1089560.654,177,66.63948886,11.41552109,1
74,15,1389.521751,146,83.68067371,0,394.9194099,960125.8378,265,89.8356906,18.34125433,2
137,5,1398.680878,162,66.63604097,1,248.1937447,314894.8569,200,75.13095575,10.08146248,0
78,28,1030.191111,324,60.98736629,1,360.8056903,195423.4991,153,78.92690607,12.13057351,2
112,26,1187.699637,465,74.51014402,1,321.0479367,765988.9338,228,85.21590925,16.16092321,1
199,11,556.9723449,168,81.86785313,0,250.3120711,162804.2366,166,96.31490708,13.75246409,0
163,29,1618.790058,398,93.59281409,1,271.8281599,840108.4774,257,76.76351015,19.84193392,1
98,25,1323.983719,389,65.09942721,1,141.168144,683466.6424,223,91.33267561,10.30339247,2
130,19,586.6115778,395,92.00825391,1,381.2984382,829064.306,172,70.73359165,19.98598168,2
133,5,1521.133839,302,94.52036184,0,205.5789312,749187.851,167,87.91887164,16.23627833,2
154,16,1200.173116,160,66.02749948,1,233.8447769,564972.8265,278,60.06317684,15.58706995,0
197,11,551.6918891,417,94.06377277,0,301.4980693,320964.8982,184,94.86028854,10.59512443,0
167,19,1954.41159,413,99.65814271,1,200.1707415,436272.3494,213,61.2151832,12.73328877,1
135,25,1923.668215,260,89.07355324,0,176.2777483,676950.6316,208,88.51015019,19.24662688,0
112,23,1269.353624,430,91.39078727,0,289.314818,817054.903,150,61.85032757,13.54246003,0
153,29,640.5086311,115,99.7766107,0,107.4952247,957431.3186,280,70.64982798,16.616532,2
98,5,1631.931832,437,84.21925002,1,316.2175336,943887.7903,216,79.88809614,19.9949635,1
120,21,1237.89665,193,72.31545528,1,254.207011,1169957.618,186,76.79754741,12.63069714,2
50,21,953.6712174,403,93.50123336,0,281.7261192,414425.5935,178,67.67344458,15.76080879,1
190,7,1237.127266,237,84.5794311,1,289.5640478,178221.779,238,73.35259647,16.96437793,1
172,16,1283.666218,437,83.24781695,0,258.1150469,480222.6291,249,89.1082548,11.64627247,0
111,10,1344.067549,137,70.14542222,0,274.7601332,917623.9227,271,86.7702837,11.48672564,2
81,15,1161.83557,226,90.25337078,1,305.1364603,581922.8161,239,62.87258335,14.56307912,0
78,7,1408.632955,374,63.26669103,1,325.9356542,999567.2736,281,89.89263302,13.85812522,0
